-- INSERT cho bảng TAI_KHOAN
INSERT INTO TAI_KHOAN (ID_TK, TEN_TK, MAT_KHAU, TEN_DANG_NHAP) VALUES (1, 'user1', '(MsoQJaf0X', 'user1');
INSERT INTO TAI_KHOAN (ID_TK, TEN_TK, MAT_KHAU, TEN_DANG_NHAP) VALUES (2, 'user2', 'kNDUEGC)+4', 'user2');
INSERT INTO TAI_KHOAN (ID_TK, TEN_TK, MAT_KHAU, TEN_DANG_NHAP) VALUES (3, 'user3', 'c8$AzOph^9', 'user3');
INSERT INTO TAI_KHOAN (ID_TK, TEN_TK, MAT_KHAU, TEN_DANG_NHAP) VALUES (4, 'user4', '$Fq3AAHg14', 'user4');
INSERT INTO TAI_KHOAN (ID_TK, TEN_TK, MAT_KHAU, TEN_DANG_NHAP) VALUES (5, 'user5', '@^q_E3VauY', 'user5');
INSERT INTO TAI_KHOAN (ID_TK, TEN_TK, MAT_KHAU, TEN_DANG_NHAP) VALUES (6, 'user6', '^m4ZbwIN3s', 'user6');
INSERT INTO TAI_KHOAN (ID_TK, TEN_TK, MAT_KHAU, TEN_DANG_NHAP) VALUES (7, 'user7', 's@hX1Dhe3r', 'user7');
INSERT INTO TAI_KHOAN (ID_TK, TEN_TK, MAT_KHAU, TEN_DANG_NHAP) VALUES (8, 'user8', 'kO04KiIbf@', 'user8');
INSERT INTO TAI_KHOAN (ID_TK, TEN_TK, MAT_KHAU, TEN_DANG_NHAP) VALUES (9, 'user9', '_4pqDSrdM$', 'user9');
INSERT INTO TAI_KHOAN (ID_TK, TEN_TK, MAT_KHAU, TEN_DANG_NHAP) VALUES (10, 'user10', ')8!VhQpy6n', 'user10');
INSERT INTO TAI_KHOAN (ID_TK, TEN_TK, MAT_KHAU, TEN_DANG_NHAP) VALUES (11, 'user11', '@WwD&x0a(4', 'user11');
INSERT INTO TAI_KHOAN (ID_TK, TEN_TK, MAT_KHAU, TEN_DANG_NHAP) VALUES (12, 'user12', '07cbtGGt_#', 'user12');
INSERT INTO TAI_KHOAN (ID_TK, TEN_TK, MAT_KHAU, TEN_DANG_NHAP) VALUES (13, 'user13', '*zmb_8ZcuB', 'user13');
INSERT INTO TAI_KHOAN (ID_TK, TEN_TK, MAT_KHAU, TEN_DANG_NHAP) VALUES (14, 'user14', 'M_zRTNPx$9', 'user14');
INSERT INTO TAI_KHOAN (ID_TK, TEN_TK, MAT_KHAU, TEN_DANG_NHAP) VALUES (15, 'user15', '112+MKq1s+', 'user15');
INSERT INTO TAI_KHOAN (ID_TK, TEN_TK, MAT_KHAU, TEN_DANG_NHAP) VALUES (16, 'user16', 'RlAN%3QgQM', 'user16');
INSERT INTO TAI_KHOAN (ID_TK, TEN_TK, MAT_KHAU, TEN_DANG_NHAP) VALUES (17, 'user17', '%1WUf*zB!k', 'user17');
INSERT INTO TAI_KHOAN (ID_TK, TEN_TK, MAT_KHAU, TEN_DANG_NHAP) VALUES (18, 'user18', 'q6M4H*rY_u', 'user18');
INSERT INTO TAI_KHOAN (ID_TK, TEN_TK, MAT_KHAU, TEN_DANG_NHAP) VALUES (19, 'user19', 'gntATACz@2', 'user19');
INSERT INTO TAI_KHOAN (ID_TK, TEN_TK, MAT_KHAU, TEN_DANG_NHAP) VALUES (20, 'user20', ')&80NYlvxP', 'user20');
INSERT INTO TAI_KHOAN (ID_TK, TEN_TK, MAT_KHAU, TEN_DANG_NHAP) VALUES (21, 'user21', '_y5Y1BczXs', 'user21');
INSERT INTO TAI_KHOAN (ID_TK, TEN_TK, MAT_KHAU, TEN_DANG_NHAP) VALUES (22, 'user22', 'OeB_3hZiq)', 'user22');
INSERT INTO TAI_KHOAN (ID_TK, TEN_TK, MAT_KHAU, TEN_DANG_NHAP) VALUES (23, 'user23', 'e+p0gZNx*(', 'user23');
INSERT INTO TAI_KHOAN (ID_TK, TEN_TK, MAT_KHAU, TEN_DANG_NHAP) VALUES (24, 'user24', 's(48wTMlEa', 'user24');
INSERT INTO TAI_KHOAN (ID_TK, TEN_TK, MAT_KHAU, TEN_DANG_NHAP) VALUES (25, 'user25', '_XaTr6jG0C', 'user25');
INSERT INTO TAI_KHOAN (ID_TK, TEN_TK, MAT_KHAU, TEN_DANG_NHAP) VALUES (26, 'user26', '_niZzmn9N0', 'user26');
INSERT INTO TAI_KHOAN (ID_TK, TEN_TK, MAT_KHAU, TEN_DANG_NHAP) VALUES (27, 'user27', '5(OT5XsgGp', 'user27');
INSERT INTO TAI_KHOAN (ID_TK, TEN_TK, MAT_KHAU, TEN_DANG_NHAP) VALUES (28, 'user28', '%Z5hPrTo4A', 'user28');
INSERT INTO TAI_KHOAN (ID_TK, TEN_TK, MAT_KHAU, TEN_DANG_NHAP) VALUES (29, 'user29', 'VT@Q5F7e%8', 'user29');
INSERT INTO TAI_KHOAN (ID_TK, TEN_TK, MAT_KHAU, TEN_DANG_NHAP) VALUES (30, 'user30', '19YDeyOU(G', 'user30');
INSERT INTO TAI_KHOAN (ID_TK, TEN_TK, MAT_KHAU, TEN_DANG_NHAP) VALUES (31, 'user31', '@4UP*OGdAI', 'user31');
INSERT INTO TAI_KHOAN (ID_TK, TEN_TK, MAT_KHAU, TEN_DANG_NHAP) VALUES (32, 'user32', 'yy5IaUTw+l', 'user32');
INSERT INTO TAI_KHOAN (ID_TK, TEN_TK, MAT_KHAU, TEN_DANG_NHAP) VALUES (33, 'user33', '&VSyRMhT08', 'user33');
INSERT INTO TAI_KHOAN (ID_TK, TEN_TK, MAT_KHAU, TEN_DANG_NHAP) VALUES (34, 'user34', '*41AUuDga#', 'user34');
INSERT INTO TAI_KHOAN (ID_TK, TEN_TK, MAT_KHAU, TEN_DANG_NHAP) VALUES (35, 'user35', 'H3Ixc+Tn#e', 'user35');
INSERT INTO TAI_KHOAN (ID_TK, TEN_TK, MAT_KHAU, TEN_DANG_NHAP) VALUES (36, 'user36', '!j@%zS(U^9', 'user36');
INSERT INTO TAI_KHOAN (ID_TK, TEN_TK, MAT_KHAU, TEN_DANG_NHAP) VALUES (37, 'user37', '$OU_59Jt(6', 'user37');
INSERT INTO TAI_KHOAN (ID_TK, TEN_TK, MAT_KHAU, TEN_DANG_NHAP) VALUES (38, 'user38', 'H(^5fAiD_V', 'user38');
INSERT INTO TAI_KHOAN (ID_TK, TEN_TK, MAT_KHAU, TEN_DANG_NHAP) VALUES (39, 'user39', '!v4fORVi_5', 'user39');
INSERT INTO TAI_KHOAN (ID_TK, TEN_TK, MAT_KHAU, TEN_DANG_NHAP) VALUES (40, 'user40', 'gk1N@UBw_I', 'user40');
INSERT INTO TAI_KHOAN (ID_TK, TEN_TK, MAT_KHAU, TEN_DANG_NHAP) VALUES (41, 'user41', '$0hOxAd3aB', 'user41');
INSERT INTO TAI_KHOAN (ID_TK, TEN_TK, MAT_KHAU, TEN_DANG_NHAP) VALUES (42, 'user42', 'b*Y68TBmDf', 'user42');
INSERT INTO TAI_KHOAN (ID_TK, TEN_TK, MAT_KHAU, TEN_DANG_NHAP) VALUES (43, 'user43', '%7NhxDqeRH', 'user43');
INSERT INTO TAI_KHOAN (ID_TK, TEN_TK, MAT_KHAU, TEN_DANG_NHAP) VALUES (44, 'user44', '4qt9T#w++D', 'user44');
INSERT INTO TAI_KHOAN (ID_TK, TEN_TK, MAT_KHAU, TEN_DANG_NHAP) VALUES (45, 'user45', '+V)FLSug+8', 'user45');
INSERT INTO TAI_KHOAN (ID_TK, TEN_TK, MAT_KHAU, TEN_DANG_NHAP) VALUES (46, 'user46', 'bNF%x9Fo1l', 'user46');
INSERT INTO TAI_KHOAN (ID_TK, TEN_TK, MAT_KHAU, TEN_DANG_NHAP) VALUES (47, 'user47', '+Ne9ECd+&G', 'user47');
INSERT INTO TAI_KHOAN (ID_TK, TEN_TK, MAT_KHAU, TEN_DANG_NHAP) VALUES (48, 'user48', 'q)9lUgiTtB', 'user48');
INSERT INTO TAI_KHOAN (ID_TK, TEN_TK, MAT_KHAU, TEN_DANG_NHAP) VALUES (49, 'user49', '_2FSQT)KVc', 'user49');
INSERT INTO TAI_KHOAN (ID_TK, TEN_TK, MAT_KHAU, TEN_DANG_NHAP) VALUES (50, 'user50', '&tU4ZKufZ8', 'user50');
INSERT INTO TAI_KHOAN (ID_TK, TEN_TK, MAT_KHAU, TEN_DANG_NHAP) VALUES (51, 'user51', 'mBQZWkvb+8', 'user51');
INSERT INTO TAI_KHOAN (ID_TK, TEN_TK, MAT_KHAU, TEN_DANG_NHAP) VALUES (52, 'user52', '6cd^7AvIpv', 'user52');
INSERT INTO TAI_KHOAN (ID_TK, TEN_TK, MAT_KHAU, TEN_DANG_NHAP) VALUES (53, 'user53', 'Pc23nPBn^&', 'user53');
INSERT INTO TAI_KHOAN (ID_TK, TEN_TK, MAT_KHAU, TEN_DANG_NHAP) VALUES (54, 'user54', 'ib)0VZl3%(', 'user54');
INSERT INTO TAI_KHOAN (ID_TK, TEN_TK, MAT_KHAU, TEN_DANG_NHAP) VALUES (55, 'user55', 'Q*2UWXGyvo', 'user55');
INSERT INTO TAI_KHOAN (ID_TK, TEN_TK, MAT_KHAU, TEN_DANG_NHAP) VALUES (56, 'user56', 'Jd3WEQjy&A', 'user56');
INSERT INTO TAI_KHOAN (ID_TK, TEN_TK, MAT_KHAU, TEN_DANG_NHAP) VALUES (57, 'user57', ')O2w4Ig60U', 'user57');
INSERT INTO TAI_KHOAN (ID_TK, TEN_TK, MAT_KHAU, TEN_DANG_NHAP) VALUES (58, 'user58', '%&0IJIfhJT', 'user58');
INSERT INTO TAI_KHOAN (ID_TK, TEN_TK, MAT_KHAU, TEN_DANG_NHAP) VALUES (59, 'user59', '@g6Yhc0Z(a', 'user59');
INSERT INTO TAI_KHOAN (ID_TK, TEN_TK, MAT_KHAU, TEN_DANG_NHAP) VALUES (60, 'user60', '@R8Tfcoi&7', 'user60');
INSERT INTO TAI_KHOAN (ID_TK, TEN_TK, MAT_KHAU, TEN_DANG_NHAP) VALUES (61, 'user61', 'W704Fk7BC!', 'user61');
INSERT INTO TAI_KHOAN (ID_TK, TEN_TK, MAT_KHAU, TEN_DANG_NHAP) VALUES (62, 'user62', 'OlegRCqW^4', 'user62');
INSERT INTO TAI_KHOAN (ID_TK, TEN_TK, MAT_KHAU, TEN_DANG_NHAP) VALUES (63, 'user63', '0YOCvcON_3', 'user63');
INSERT INTO TAI_KHOAN (ID_TK, TEN_TK, MAT_KHAU, TEN_DANG_NHAP) VALUES (64, 'user64', '!r3IlejZ98', 'user64');
INSERT INTO TAI_KHOAN (ID_TK, TEN_TK, MAT_KHAU, TEN_DANG_NHAP) VALUES (65, 'user65', 'h^@5D^PdU%', 'user65');
INSERT INTO TAI_KHOAN (ID_TK, TEN_TK, MAT_KHAU, TEN_DANG_NHAP) VALUES (66, 'user66', 'lNV)nhHx%5', 'user66');
INSERT INTO TAI_KHOAN (ID_TK, TEN_TK, MAT_KHAU, TEN_DANG_NHAP) VALUES (67, 'user67', '_2XAE5d4Sh', 'user67');
INSERT INTO TAI_KHOAN (ID_TK, TEN_TK, MAT_KHAU, TEN_DANG_NHAP) VALUES (68, 'user68', 'v_8Sy&Cx&5', 'user68');
INSERT INTO TAI_KHOAN (ID_TK, TEN_TK, MAT_KHAU, TEN_DANG_NHAP) VALUES (69, 'user69', '_^6MG8+^de', 'user69');
INSERT INTO TAI_KHOAN (ID_TK, TEN_TK, MAT_KHAU, TEN_DANG_NHAP) VALUES (70, 'user70', 'j_^OM$VuB7', 'user70');
INSERT INTO TAI_KHOAN (ID_TK, TEN_TK, MAT_KHAU, TEN_DANG_NHAP) VALUES (71, 'user71', '+3AKYHoJ%a', 'user71');
INSERT INTO TAI_KHOAN (ID_TK, TEN_TK, MAT_KHAU, TEN_DANG_NHAP) VALUES (72, 'user72', 'Z5XJZbIP#0', 'user72');
INSERT INTO TAI_KHOAN (ID_TK, TEN_TK, MAT_KHAU, TEN_DANG_NHAP) VALUES (73, 'user73', ')m6Yx&F$Sz', 'user73');
INSERT INTO TAI_KHOAN (ID_TK, TEN_TK, MAT_KHAU, TEN_DANG_NHAP) VALUES (74, 'user74', 'R7L8$iqs_^', 'user74');
INSERT INTO TAI_KHOAN (ID_TK, TEN_TK, MAT_KHAU, TEN_DANG_NHAP) VALUES (75, 'user75', 'auzB6G5qt%', 'user75');
INSERT INTO TAI_KHOAN (ID_TK, TEN_TK, MAT_KHAU, TEN_DANG_NHAP) VALUES (76, 'user76', '@4@CCGm0rX', 'user76');
INSERT INTO TAI_KHOAN (ID_TK, TEN_TK, MAT_KHAU, TEN_DANG_NHAP) VALUES (77, 'user77', '_j4MPMv38+', 'user77');
INSERT INTO TAI_KHOAN (ID_TK, TEN_TK, MAT_KHAU, TEN_DANG_NHAP) VALUES (78, 'user78', '+)sr12DF3b', 'user78');
INSERT INTO TAI_KHOAN (ID_TK, TEN_TK, MAT_KHAU, TEN_DANG_NHAP) VALUES (79, 'user79', '(i0U3HOcS&', 'user79');
INSERT INTO TAI_KHOAN (ID_TK, TEN_TK, MAT_KHAU, TEN_DANG_NHAP) VALUES (80, 'user80', 'lv)C3KTc4!', 'user80');
INSERT INTO TAI_KHOAN (ID_TK, TEN_TK, MAT_KHAU, TEN_DANG_NHAP) VALUES (81, 'user81', 'H+1xX^k08d', 'user81');
INSERT INTO TAI_KHOAN (ID_TK, TEN_TK, MAT_KHAU, TEN_DANG_NHAP) VALUES (82, 'user82', 'PhZtuIdA*0', 'user82');
INSERT INTO TAI_KHOAN (ID_TK, TEN_TK, MAT_KHAU, TEN_DANG_NHAP) VALUES (83, 'user83', '(i5!+QxsyF', 'user83');
INSERT INTO TAI_KHOAN (ID_TK, TEN_TK, MAT_KHAU, TEN_DANG_NHAP) VALUES (84, 'user84', '#!D9I+Lox!', 'user84');
INSERT INTO TAI_KHOAN (ID_TK, TEN_TK, MAT_KHAU, TEN_DANG_NHAP) VALUES (85, 'user85', 'g#2xIHyt0*', 'user85');
INSERT INTO TAI_KHOAN (ID_TK, TEN_TK, MAT_KHAU, TEN_DANG_NHAP) VALUES (86, 'user86', 'ksxEO7Q$M*', 'user86');
INSERT INTO TAI_KHOAN (ID_TK, TEN_TK, MAT_KHAU, TEN_DANG_NHAP) VALUES (87, 'user87', 'k7#Z_Ieg)j', 'user87');
INSERT INTO TAI_KHOAN (ID_TK, TEN_TK, MAT_KHAU, TEN_DANG_NHAP) VALUES (88, 'user88', '0BY0rDb3+U', 'user88');
INSERT INTO TAI_KHOAN (ID_TK, TEN_TK, MAT_KHAU, TEN_DANG_NHAP) VALUES (89, 'user89', 'UFFU2Xhg!c', 'user89');
INSERT INTO TAI_KHOAN (ID_TK, TEN_TK, MAT_KHAU, TEN_DANG_NHAP) VALUES (90, 'user90', 'XN7(#)Tm4)', 'user90');
INSERT INTO TAI_KHOAN (ID_TK, TEN_TK, MAT_KHAU, TEN_DANG_NHAP) VALUES (91, 'user91', '&JA01DyX#S', 'user91');
INSERT INTO TAI_KHOAN (ID_TK, TEN_TK, MAT_KHAU, TEN_DANG_NHAP) VALUES (92, 'user92', '200%CIUk+q', 'user92');
INSERT INTO TAI_KHOAN (ID_TK, TEN_TK, MAT_KHAU, TEN_DANG_NHAP) VALUES (93, 'user93', 'f2D4Ful%_K', 'user93');
INSERT INTO TAI_KHOAN (ID_TK, TEN_TK, MAT_KHAU, TEN_DANG_NHAP) VALUES (94, 'user94', '(u61PNGlN&', 'user94');
INSERT INTO TAI_KHOAN (ID_TK, TEN_TK, MAT_KHAU, TEN_DANG_NHAP) VALUES (95, 'user95', 'V)@2DQHgvV', 'user95');
INSERT INTO TAI_KHOAN (ID_TK, TEN_TK, MAT_KHAU, TEN_DANG_NHAP) VALUES (96, 'user96', 'nV&7Fi7e)M', 'user96');
INSERT INTO TAI_KHOAN (ID_TK, TEN_TK, MAT_KHAU, TEN_DANG_NHAP) VALUES (97, 'user97', '@$L5vHIpfR', 'user97');
INSERT INTO TAI_KHOAN (ID_TK, TEN_TK, MAT_KHAU, TEN_DANG_NHAP) VALUES (98, 'user98', '1BhS)qlN+b', 'user98');
INSERT INTO TAI_KHOAN (ID_TK, TEN_TK, MAT_KHAU, TEN_DANG_NHAP) VALUES (99, 'user99', 'Dmn#0ZwEY!', 'user99');
INSERT INTO TAI_KHOAN (ID_TK, TEN_TK, MAT_KHAU, TEN_DANG_NHAP) VALUES (100, 'user100', '7&u6SE3a*7', 'user100');

-- INSERT cho bảng LOAI_SAN_PHAM
INSERT INTO LOAI_SAN_PHAM (ID_LOAI, TEN_LOAI, MO_TA) VALUES (1, 'Sản phẩm tươi sống', 'Mô tả cho Sản phẩm tươi sống');
INSERT INTO LOAI_SAN_PHAM (ID_LOAI, TEN_LOAI, MO_TA) VALUES (2, 'Đồ uống', 'Mô tả cho Đồ uống');
INSERT INTO LOAI_SAN_PHAM (ID_LOAI, TEN_LOAI, MO_TA) VALUES (3, 'Hàng tiêu dùng', 'Mô tả cho Hàng tiêu dùng');
INSERT INTO LOAI_SAN_PHAM (ID_LOAI, TEN_LOAI, MO_TA) VALUES (4, 'Sản phẩm tươi sống', 'Mô tả cho Sản phẩm tươi sống');
INSERT INTO LOAI_SAN_PHAM (ID_LOAI, TEN_LOAI, MO_TA) VALUES (5, 'Hàng tiêu dùng', 'Mô tả cho Hàng tiêu dùng');
INSERT INTO LOAI_SAN_PHAM (ID_LOAI, TEN_LOAI, MO_TA) VALUES (6, 'Hàng tiêu dùng', 'Mô tả cho Hàng tiêu dùng');
INSERT INTO LOAI_SAN_PHAM (ID_LOAI, TEN_LOAI, MO_TA) VALUES (7, 'Sản phẩm tươi sống', 'Mô tả cho Sản phẩm tươi sống');
INSERT INTO LOAI_SAN_PHAM (ID_LOAI, TEN_LOAI, MO_TA) VALUES (8, 'Đồ uống', 'Mô tả cho Đồ uống');
INSERT INTO LOAI_SAN_PHAM (ID_LOAI, TEN_LOAI, MO_TA) VALUES (9, 'Hàng tiêu dùng', 'Mô tả cho Hàng tiêu dùng');
INSERT INTO LOAI_SAN_PHAM (ID_LOAI, TEN_LOAI, MO_TA) VALUES (10, 'Sản phẩm tươi sống', 'Mô tả cho Sản phẩm tươi sống');
INSERT INTO LOAI_SAN_PHAM (ID_LOAI, TEN_LOAI, MO_TA) VALUES (11, 'Đồ uống', 'Mô tả cho Đồ uống');
INSERT INTO LOAI_SAN_PHAM (ID_LOAI, TEN_LOAI, MO_TA) VALUES (12, 'Thực phẩm', 'Mô tả cho Thực phẩm');
INSERT INTO LOAI_SAN_PHAM (ID_LOAI, TEN_LOAI, MO_TA) VALUES (13, 'Hàng tiêu dùng', 'Mô tả cho Hàng tiêu dùng');
INSERT INTO LOAI_SAN_PHAM (ID_LOAI, TEN_LOAI, MO_TA) VALUES (14, 'Hàng tiêu dùng', 'Mô tả cho Hàng tiêu dùng');
INSERT INTO LOAI_SAN_PHAM (ID_LOAI, TEN_LOAI, MO_TA) VALUES (15, 'Đồ uống', 'Mô tả cho Đồ uống');
INSERT INTO LOAI_SAN_PHAM (ID_LOAI, TEN_LOAI, MO_TA) VALUES (16, 'Hàng tiêu dùng', 'Mô tả cho Hàng tiêu dùng');
INSERT INTO LOAI_SAN_PHAM (ID_LOAI, TEN_LOAI, MO_TA) VALUES (17, 'Đồ uống', 'Mô tả cho Đồ uống');
INSERT INTO LOAI_SAN_PHAM (ID_LOAI, TEN_LOAI, MO_TA) VALUES (18, 'Đồ uống', 'Mô tả cho Đồ uống');
INSERT INTO LOAI_SAN_PHAM (ID_LOAI, TEN_LOAI, MO_TA) VALUES (19, 'Sản phẩm tươi sống', 'Mô tả cho Sản phẩm tươi sống');
INSERT INTO LOAI_SAN_PHAM (ID_LOAI, TEN_LOAI, MO_TA) VALUES (20, 'Đồ uống', 'Mô tả cho Đồ uống');
INSERT INTO LOAI_SAN_PHAM (ID_LOAI, TEN_LOAI, MO_TA) VALUES (21, 'Thực phẩm', 'Mô tả cho Thực phẩm');
INSERT INTO LOAI_SAN_PHAM (ID_LOAI, TEN_LOAI, MO_TA) VALUES (22, 'Đồ uống', 'Mô tả cho Đồ uống');
INSERT INTO LOAI_SAN_PHAM (ID_LOAI, TEN_LOAI, MO_TA) VALUES (23, 'Thực phẩm', 'Mô tả cho Thực phẩm');
INSERT INTO LOAI_SAN_PHAM (ID_LOAI, TEN_LOAI, MO_TA) VALUES (24, 'Đồ uống', 'Mô tả cho Đồ uống');
INSERT INTO LOAI_SAN_PHAM (ID_LOAI, TEN_LOAI, MO_TA) VALUES (25, 'Thực phẩm', 'Mô tả cho Thực phẩm');
INSERT INTO LOAI_SAN_PHAM (ID_LOAI, TEN_LOAI, MO_TA) VALUES (26, 'Hàng tiêu dùng', 'Mô tả cho Hàng tiêu dùng');
INSERT INTO LOAI_SAN_PHAM (ID_LOAI, TEN_LOAI, MO_TA) VALUES (27, 'Đồ uống', 'Mô tả cho Đồ uống');
INSERT INTO LOAI_SAN_PHAM (ID_LOAI, TEN_LOAI, MO_TA) VALUES (28, 'Đồ uống', 'Mô tả cho Đồ uống');
INSERT INTO LOAI_SAN_PHAM (ID_LOAI, TEN_LOAI, MO_TA) VALUES (29, 'Hàng tiêu dùng', 'Mô tả cho Hàng tiêu dùng');
INSERT INTO LOAI_SAN_PHAM (ID_LOAI, TEN_LOAI, MO_TA) VALUES (30, 'Đồ uống', 'Mô tả cho Đồ uống');
INSERT INTO LOAI_SAN_PHAM (ID_LOAI, TEN_LOAI, MO_TA) VALUES (31, 'Đồ uống', 'Mô tả cho Đồ uống');
INSERT INTO LOAI_SAN_PHAM (ID_LOAI, TEN_LOAI, MO_TA) VALUES (32, 'Sản phẩm tươi sống', 'Mô tả cho Sản phẩm tươi sống');
INSERT INTO LOAI_SAN_PHAM (ID_LOAI, TEN_LOAI, MO_TA) VALUES (33, 'Đồ uống', 'Mô tả cho Đồ uống');
INSERT INTO LOAI_SAN_PHAM (ID_LOAI, TEN_LOAI, MO_TA) VALUES (34, 'Hàng tiêu dùng', 'Mô tả cho Hàng tiêu dùng');
INSERT INTO LOAI_SAN_PHAM (ID_LOAI, TEN_LOAI, MO_TA) VALUES (35, 'Thực phẩm', 'Mô tả cho Thực phẩm');
INSERT INTO LOAI_SAN_PHAM (ID_LOAI, TEN_LOAI, MO_TA) VALUES (36, 'Hàng tiêu dùng', 'Mô tả cho Hàng tiêu dùng');
INSERT INTO LOAI_SAN_PHAM (ID_LOAI, TEN_LOAI, MO_TA) VALUES (37, 'Sản phẩm tươi sống', 'Mô tả cho Sản phẩm tươi sống');
INSERT INTO LOAI_SAN_PHAM (ID_LOAI, TEN_LOAI, MO_TA) VALUES (38, 'Đồ uống', 'Mô tả cho Đồ uống');
INSERT INTO LOAI_SAN_PHAM (ID_LOAI, TEN_LOAI, MO_TA) VALUES (39, 'Đồ uống', 'Mô tả cho Đồ uống');
INSERT INTO LOAI_SAN_PHAM (ID_LOAI, TEN_LOAI, MO_TA) VALUES (40, 'Hàng tiêu dùng', 'Mô tả cho Hàng tiêu dùng');
INSERT INTO LOAI_SAN_PHAM (ID_LOAI, TEN_LOAI, MO_TA) VALUES (41, 'Hàng tiêu dùng', 'Mô tả cho Hàng tiêu dùng');
INSERT INTO LOAI_SAN_PHAM (ID_LOAI, TEN_LOAI, MO_TA) VALUES (42, 'Hàng tiêu dùng', 'Mô tả cho Hàng tiêu dùng');
INSERT INTO LOAI_SAN_PHAM (ID_LOAI, TEN_LOAI, MO_TA) VALUES (43, 'Sản phẩm tươi sống', 'Mô tả cho Sản phẩm tươi sống');
INSERT INTO LOAI_SAN_PHAM (ID_LOAI, TEN_LOAI, MO_TA) VALUES (44, 'Thực phẩm', 'Mô tả cho Thực phẩm');
INSERT INTO LOAI_SAN_PHAM (ID_LOAI, TEN_LOAI, MO_TA) VALUES (45, 'Hàng tiêu dùng', 'Mô tả cho Hàng tiêu dùng');
INSERT INTO LOAI_SAN_PHAM (ID_LOAI, TEN_LOAI, MO_TA) VALUES (46, 'Thực phẩm', 'Mô tả cho Thực phẩm');
INSERT INTO LOAI_SAN_PHAM (ID_LOAI, TEN_LOAI, MO_TA) VALUES (47, 'Đồ uống', 'Mô tả cho Đồ uống');
INSERT INTO LOAI_SAN_PHAM (ID_LOAI, TEN_LOAI, MO_TA) VALUES (48, 'Sản phẩm tươi sống', 'Mô tả cho Sản phẩm tươi sống');
INSERT INTO LOAI_SAN_PHAM (ID_LOAI, TEN_LOAI, MO_TA) VALUES (49, 'Hàng tiêu dùng', 'Mô tả cho Hàng tiêu dùng');
INSERT INTO LOAI_SAN_PHAM (ID_LOAI, TEN_LOAI, MO_TA) VALUES (50, 'Hàng tiêu dùng', 'Mô tả cho Hàng tiêu dùng');
INSERT INTO LOAI_SAN_PHAM (ID_LOAI, TEN_LOAI, MO_TA) VALUES (51, 'Sản phẩm tươi sống', 'Mô tả cho Sản phẩm tươi sống');
INSERT INTO LOAI_SAN_PHAM (ID_LOAI, TEN_LOAI, MO_TA) VALUES (52, 'Sản phẩm tươi sống', 'Mô tả cho Sản phẩm tươi sống');
INSERT INTO LOAI_SAN_PHAM (ID_LOAI, TEN_LOAI, MO_TA) VALUES (53, 'Hàng tiêu dùng', 'Mô tả cho Hàng tiêu dùng');
INSERT INTO LOAI_SAN_PHAM (ID_LOAI, TEN_LOAI, MO_TA) VALUES (54, 'Đồ uống', 'Mô tả cho Đồ uống');
INSERT INTO LOAI_SAN_PHAM (ID_LOAI, TEN_LOAI, MO_TA) VALUES (55, 'Sản phẩm tươi sống', 'Mô tả cho Sản phẩm tươi sống');
INSERT INTO LOAI_SAN_PHAM (ID_LOAI, TEN_LOAI, MO_TA) VALUES (56, 'Đồ uống', 'Mô tả cho Đồ uống');
INSERT INTO LOAI_SAN_PHAM (ID_LOAI, TEN_LOAI, MO_TA) VALUES (57, 'Đồ uống', 'Mô tả cho Đồ uống');
INSERT INTO LOAI_SAN_PHAM (ID_LOAI, TEN_LOAI, MO_TA) VALUES (58, 'Thực phẩm', 'Mô tả cho Thực phẩm');
INSERT INTO LOAI_SAN_PHAM (ID_LOAI, TEN_LOAI, MO_TA) VALUES (59, 'Hàng tiêu dùng', 'Mô tả cho Hàng tiêu dùng');
INSERT INTO LOAI_SAN_PHAM (ID_LOAI, TEN_LOAI, MO_TA) VALUES (60, 'Sản phẩm tươi sống', 'Mô tả cho Sản phẩm tươi sống');
INSERT INTO LOAI_SAN_PHAM (ID_LOAI, TEN_LOAI, MO_TA) VALUES (61, 'Sản phẩm tươi sống', 'Mô tả cho Sản phẩm tươi sống');
INSERT INTO LOAI_SAN_PHAM (ID_LOAI, TEN_LOAI, MO_TA) VALUES (62, 'Thực phẩm', 'Mô tả cho Thực phẩm');
INSERT INTO LOAI_SAN_PHAM (ID_LOAI, TEN_LOAI, MO_TA) VALUES (63, 'Đồ uống', 'Mô tả cho Đồ uống');
INSERT INTO LOAI_SAN_PHAM (ID_LOAI, TEN_LOAI, MO_TA) VALUES (64, 'Thực phẩm', 'Mô tả cho Thực phẩm');
INSERT INTO LOAI_SAN_PHAM (ID_LOAI, TEN_LOAI, MO_TA) VALUES (65, 'Hàng tiêu dùng', 'Mô tả cho Hàng tiêu dùng');
INSERT INTO LOAI_SAN_PHAM (ID_LOAI, TEN_LOAI, MO_TA) VALUES (66, 'Đồ uống', 'Mô tả cho Đồ uống');
INSERT INTO LOAI_SAN_PHAM (ID_LOAI, TEN_LOAI, MO_TA) VALUES (67, 'Thực phẩm', 'Mô tả cho Thực phẩm');
INSERT INTO LOAI_SAN_PHAM (ID_LOAI, TEN_LOAI, MO_TA) VALUES (68, 'Sản phẩm tươi sống', 'Mô tả cho Sản phẩm tươi sống');
INSERT INTO LOAI_SAN_PHAM (ID_LOAI, TEN_LOAI, MO_TA) VALUES (69, 'Thực phẩm', 'Mô tả cho Thực phẩm');
INSERT INTO LOAI_SAN_PHAM (ID_LOAI, TEN_LOAI, MO_TA) VALUES (70, 'Thực phẩm', 'Mô tả cho Thực phẩm');
INSERT INTO LOAI_SAN_PHAM (ID_LOAI, TEN_LOAI, MO_TA) VALUES (71, 'Sản phẩm tươi sống', 'Mô tả cho Sản phẩm tươi sống');
INSERT INTO LOAI_SAN_PHAM (ID_LOAI, TEN_LOAI, MO_TA) VALUES (72, 'Đồ uống', 'Mô tả cho Đồ uống');
INSERT INTO LOAI_SAN_PHAM (ID_LOAI, TEN_LOAI, MO_TA) VALUES (73, 'Sản phẩm tươi sống', 'Mô tả cho Sản phẩm tươi sống');
INSERT INTO LOAI_SAN_PHAM (ID_LOAI, TEN_LOAI, MO_TA) VALUES (74, 'Thực phẩm', 'Mô tả cho Thực phẩm');
INSERT INTO LOAI_SAN_PHAM (ID_LOAI, TEN_LOAI, MO_TA) VALUES (75, 'Đồ uống', 'Mô tả cho Đồ uống');
INSERT INTO LOAI_SAN_PHAM (ID_LOAI, TEN_LOAI, MO_TA) VALUES (76, 'Đồ uống', 'Mô tả cho Đồ uống');
INSERT INTO LOAI_SAN_PHAM (ID_LOAI, TEN_LOAI, MO_TA) VALUES (77, 'Hàng tiêu dùng', 'Mô tả cho Hàng tiêu dùng');
INSERT INTO LOAI_SAN_PHAM (ID_LOAI, TEN_LOAI, MO_TA) VALUES (78, 'Thực phẩm', 'Mô tả cho Thực phẩm');
INSERT INTO LOAI_SAN_PHAM (ID_LOAI, TEN_LOAI, MO_TA) VALUES (79, 'Hàng tiêu dùng', 'Mô tả cho Hàng tiêu dùng');
INSERT INTO LOAI_SAN_PHAM (ID_LOAI, TEN_LOAI, MO_TA) VALUES (80, 'Sản phẩm tươi sống', 'Mô tả cho Sản phẩm tươi sống');
INSERT INTO LOAI_SAN_PHAM (ID_LOAI, TEN_LOAI, MO_TA) VALUES (81, 'Thực phẩm', 'Mô tả cho Thực phẩm');
INSERT INTO LOAI_SAN_PHAM (ID_LOAI, TEN_LOAI, MO_TA) VALUES (82, 'Đồ uống', 'Mô tả cho Đồ uống');
INSERT INTO LOAI_SAN_PHAM (ID_LOAI, TEN_LOAI, MO_TA) VALUES (83, 'Thực phẩm', 'Mô tả cho Thực phẩm');
INSERT INTO LOAI_SAN_PHAM (ID_LOAI, TEN_LOAI, MO_TA) VALUES (84, 'Sản phẩm tươi sống', 'Mô tả cho Sản phẩm tươi sống');
INSERT INTO LOAI_SAN_PHAM (ID_LOAI, TEN_LOAI, MO_TA) VALUES (85, 'Thực phẩm', 'Mô tả cho Thực phẩm');
INSERT INTO LOAI_SAN_PHAM (ID_LOAI, TEN_LOAI, MO_TA) VALUES (86, 'Sản phẩm tươi sống', 'Mô tả cho Sản phẩm tươi sống');
INSERT INTO LOAI_SAN_PHAM (ID_LOAI, TEN_LOAI, MO_TA) VALUES (87, 'Hàng tiêu dùng', 'Mô tả cho Hàng tiêu dùng');
INSERT INTO LOAI_SAN_PHAM (ID_LOAI, TEN_LOAI, MO_TA) VALUES (88, 'Sản phẩm tươi sống', 'Mô tả cho Sản phẩm tươi sống');
INSERT INTO LOAI_SAN_PHAM (ID_LOAI, TEN_LOAI, MO_TA) VALUES (89, 'Đồ uống', 'Mô tả cho Đồ uống');
INSERT INTO LOAI_SAN_PHAM (ID_LOAI, TEN_LOAI, MO_TA) VALUES (90, 'Hàng tiêu dùng', 'Mô tả cho Hàng tiêu dùng');
INSERT INTO LOAI_SAN_PHAM (ID_LOAI, TEN_LOAI, MO_TA) VALUES (91, 'Sản phẩm tươi sống', 'Mô tả cho Sản phẩm tươi sống');
INSERT INTO LOAI_SAN_PHAM (ID_LOAI, TEN_LOAI, MO_TA) VALUES (92, 'Đồ uống', 'Mô tả cho Đồ uống');
INSERT INTO LOAI_SAN_PHAM (ID_LOAI, TEN_LOAI, MO_TA) VALUES (93, 'Hàng tiêu dùng', 'Mô tả cho Hàng tiêu dùng');
INSERT INTO LOAI_SAN_PHAM (ID_LOAI, TEN_LOAI, MO_TA) VALUES (94, 'Hàng tiêu dùng', 'Mô tả cho Hàng tiêu dùng');
INSERT INTO LOAI_SAN_PHAM (ID_LOAI, TEN_LOAI, MO_TA) VALUES (95, 'Đồ uống', 'Mô tả cho Đồ uống');
INSERT INTO LOAI_SAN_PHAM (ID_LOAI, TEN_LOAI, MO_TA) VALUES (96, 'Đồ uống', 'Mô tả cho Đồ uống');
INSERT INTO LOAI_SAN_PHAM (ID_LOAI, TEN_LOAI, MO_TA) VALUES (97, 'Đồ uống', 'Mô tả cho Đồ uống');
INSERT INTO LOAI_SAN_PHAM (ID_LOAI, TEN_LOAI, MO_TA) VALUES (98, 'Thực phẩm', 'Mô tả cho Thực phẩm');
INSERT INTO LOAI_SAN_PHAM (ID_LOAI, TEN_LOAI, MO_TA) VALUES (99, 'Sản phẩm tươi sống', 'Mô tả cho Sản phẩm tươi sống');
INSERT INTO LOAI_SAN_PHAM (ID_LOAI, TEN_LOAI, MO_TA) VALUES (100, 'Hàng tiêu dùng', 'Mô tả cho Hàng tiêu dùng');

-- INSERT cho bảng NHA_CUNG_CAP
INSERT INTO NHA_CUNG_CAP (ID_NCC, TEN_NCC, SDT_NCC) VALUES (1, 'Bùi Công ty Cổ phần', '+84-85-181827');
INSERT INTO NHA_CUNG_CAP (ID_NCC, TEN_NCC, SDT_NCC) VALUES (2, 'Vũ và đối tác Công ty Trách nhiệm hữu hạn', '+84-76-533675');
INSERT INTO NHA_CUNG_CAP (ID_NCC, TEN_NCC, SDT_NCC) VALUES (3, 'Dương Doanh nghiệp tư nhân', '(04)484-9173');
INSERT INTO NHA_CUNG_CAP (ID_NCC, TEN_NCC, SDT_NCC) VALUES (4, 'Nguyễn và đối tác Doanh nghiệp tư nhân', '(07)623-7526');
INSERT INTO NHA_CUNG_CAP (ID_NCC, TEN_NCC, SDT_NCC) VALUES (5, 'Vũ và đối tác Công ty Cổ phần', '+84-59-389128');
INSERT INTO NHA_CUNG_CAP (ID_NCC, TEN_NCC, SDT_NCC) VALUES (6, 'Bùi và đối tác Công ty TNHH MTV', '06 4879094');
INSERT INTO NHA_CUNG_CAP (ID_NCC, TEN_NCC, SDT_NCC) VALUES (7, 'Đặng và Vũ Công ty TNHH', '+84-71-358 6514');
INSERT INTO NHA_CUNG_CAP (ID_NCC, TEN_NCC, SDT_NCC) VALUES (8, 'Phạm và Dương Doanh nghiệp tư nhân', '(02) 5903 8351');
INSERT INTO NHA_CUNG_CAP (ID_NCC, TEN_NCC, SDT_NCC) VALUES (9, 'Hoàng Doanh nghiệp tư nhân', '(07)473-9539');
INSERT INTO NHA_CUNG_CAP (ID_NCC, TEN_NCC, SDT_NCC) VALUES (10, 'Vũ và đối tác Công ty Trách nhiệm hữu hạn', '+84 13 2110670');
INSERT INTO NHA_CUNG_CAP (ID_NCC, TEN_NCC, SDT_NCC) VALUES (11, 'Trần Trần Công ty TNHH', '+84-61-619 1329');
INSERT INTO NHA_CUNG_CAP (ID_NCC, TEN_NCC, SDT_NCC) VALUES (12, 'Dương và Mai Công ty Hợp danh', '09 6101187');
INSERT INTO NHA_CUNG_CAP (ID_NCC, TEN_NCC, SDT_NCC) VALUES (13, 'Trần Công ty TNHH MTV', '+84-18-302989');
INSERT INTO NHA_CUNG_CAP (ID_NCC, TEN_NCC, SDT_NCC) VALUES (14, 'Dương Mai Công ty Cổ phần', '08 8537335');
INSERT INTO NHA_CUNG_CAP (ID_NCC, TEN_NCC, SDT_NCC) VALUES (15, 'Vũ Tập Đoàn', '01 1753558');
INSERT INTO NHA_CUNG_CAP (ID_NCC, TEN_NCC, SDT_NCC) VALUES (16, 'Lê và đối tác Công ty Hợp danh', '08 3591034');
INSERT INTO NHA_CUNG_CAP (ID_NCC, TEN_NCC, SDT_NCC) VALUES (17, 'Hoàng và đối tác Công ty TNHH', '+84-56-265 3417');
INSERT INTO NHA_CUNG_CAP (ID_NCC, TEN_NCC, SDT_NCC) VALUES (18, 'Phạm Bùi Công ty Cổ phần', '+84-92-606841');
INSERT INTO NHA_CUNG_CAP (ID_NCC, TEN_NCC, SDT_NCC) VALUES (19, 'Mai Công ty Cổ phần', '(01)550-5872');
INSERT INTO NHA_CUNG_CAP (ID_NCC, TEN_NCC, SDT_NCC) VALUES (20, 'Dương và đối tác Công ty Trách nhiệm hữu hạn', '03 3012 2107');
INSERT INTO NHA_CUNG_CAP (ID_NCC, TEN_NCC, SDT_NCC) VALUES (21, 'Dương Công ty TNHH', '+84-00-351238');
INSERT INTO NHA_CUNG_CAP (ID_NCC, TEN_NCC, SDT_NCC) VALUES (22, 'Vũ và đối tác Công ty Cổ phần', '06 8463843');
INSERT INTO NHA_CUNG_CAP (ID_NCC, TEN_NCC, SDT_NCC) VALUES (23, 'Đặng và Mai Công ty Trách nhiệm hữu hạn', '+84-28-012 4593');
INSERT INTO NHA_CUNG_CAP (ID_NCC, TEN_NCC, SDT_NCC) VALUES (24, 'Đặng và Mai Tập Đoàn', '(09) 3647 8643');
INSERT INTO NHA_CUNG_CAP (ID_NCC, TEN_NCC, SDT_NCC) VALUES (25, 'Vũ Công ty TNHH', '+84 92 2338129');
INSERT INTO NHA_CUNG_CAP (ID_NCC, TEN_NCC, SDT_NCC) VALUES (26, 'Lê Công ty Cổ phần', '(01)983-5613');
INSERT INTO NHA_CUNG_CAP (ID_NCC, TEN_NCC, SDT_NCC) VALUES (27, 'Bùi và Dương Tập Đoàn', '04 0281624');
INSERT INTO NHA_CUNG_CAP (ID_NCC, TEN_NCC, SDT_NCC) VALUES (28, 'Vũ và Phạm Tập Đoàn', '01 5934829');
INSERT INTO NHA_CUNG_CAP (ID_NCC, TEN_NCC, SDT_NCC) VALUES (29, 'Lê Trần Công ty TNHH MTV', '+84 47 5923025');
INSERT INTO NHA_CUNG_CAP (ID_NCC, TEN_NCC, SDT_NCC) VALUES (30, 'Dương và đối tác Công ty TNHH MTV', '(05)817-9034');
INSERT INTO NHA_CUNG_CAP (ID_NCC, TEN_NCC, SDT_NCC) VALUES (31, 'Phạm và Vũ Công ty Cổ phần', '+84-12-728673');
INSERT INTO NHA_CUNG_CAP (ID_NCC, TEN_NCC, SDT_NCC) VALUES (32, 'Bùi và Đặng Công ty Cổ phần', '+84-02-968631');
INSERT INTO NHA_CUNG_CAP (ID_NCC, TEN_NCC, SDT_NCC) VALUES (33, 'Nguyễn Đặng Công ty Hợp danh', '07 8594379');
INSERT INTO NHA_CUNG_CAP (ID_NCC, TEN_NCC, SDT_NCC) VALUES (34, 'Hoàng Công ty TNHH', '(02) 9350 8146');
INSERT INTO NHA_CUNG_CAP (ID_NCC, TEN_NCC, SDT_NCC) VALUES (35, 'Phạm Bùi Công ty TNHH', '02 9931609');
INSERT INTO NHA_CUNG_CAP (ID_NCC, TEN_NCC, SDT_NCC) VALUES (36, 'Bùi Mai Công ty TNHH MTV', '+84 39 1237111');
INSERT INTO NHA_CUNG_CAP (ID_NCC, TEN_NCC, SDT_NCC) VALUES (37, 'Dương và Lê Công ty Cổ phần', '03 1911627');
INSERT INTO NHA_CUNG_CAP (ID_NCC, TEN_NCC, SDT_NCC) VALUES (38, 'Dương Doanh nghiệp tư nhân', '(01) 9941 1692');
INSERT INTO NHA_CUNG_CAP (ID_NCC, TEN_NCC, SDT_NCC) VALUES (39, 'Dương Bùi Doanh nghiệp tư nhân', '06 3300369');
INSERT INTO NHA_CUNG_CAP (ID_NCC, TEN_NCC, SDT_NCC) VALUES (40, 'Phạm và đối tác Công ty Trách nhiệm hữu hạn', '+84-14-526 7889');
INSERT INTO NHA_CUNG_CAP (ID_NCC, TEN_NCC, SDT_NCC) VALUES (41, 'Nguyễn Công ty Trách nhiệm hữu hạn', '+84-98-956421');
INSERT INTO NHA_CUNG_CAP (ID_NCC, TEN_NCC, SDT_NCC) VALUES (42, 'Lê và Phạm Công ty TNHH', '+84-02-429484');
INSERT INTO NHA_CUNG_CAP (ID_NCC, TEN_NCC, SDT_NCC) VALUES (43, 'Trần và đối tác Công ty TNHH', '(08)342-6158');
INSERT INTO NHA_CUNG_CAP (ID_NCC, TEN_NCC, SDT_NCC) VALUES (44, 'Mai và Trần Công ty Trách nhiệm hữu hạn', '+84-96-582 3240');
INSERT INTO NHA_CUNG_CAP (ID_NCC, TEN_NCC, SDT_NCC) VALUES (45, 'Mai và Hoàng Công ty Trách nhiệm hữu hạn', '(02) 2146 0799');
INSERT INTO NHA_CUNG_CAP (ID_NCC, TEN_NCC, SDT_NCC) VALUES (46, 'Trần và Đặng Công ty Cổ phần', '+84-82-866 0671');
INSERT INTO NHA_CUNG_CAP (ID_NCC, TEN_NCC, SDT_NCC) VALUES (47, 'Vũ và Lê Công ty TNHH MTV', '01 5035205');
INSERT INTO NHA_CUNG_CAP (ID_NCC, TEN_NCC, SDT_NCC) VALUES (48, 'Vũ và Đặng Công ty TNHH MTV', '06 1912 8369');
INSERT INTO NHA_CUNG_CAP (ID_NCC, TEN_NCC, SDT_NCC) VALUES (49, 'Lê và Nguyễn Công ty Hợp danh', '07 0969942');
INSERT INTO NHA_CUNG_CAP (ID_NCC, TEN_NCC, SDT_NCC) VALUES (50, 'Nguyễn và Dương Doanh nghiệp tư nhân', '00 6651008');
INSERT INTO NHA_CUNG_CAP (ID_NCC, TEN_NCC, SDT_NCC) VALUES (51, 'Trần và đối tác Công ty TNHH MTV', '04 3108528');
INSERT INTO NHA_CUNG_CAP (ID_NCC, TEN_NCC, SDT_NCC) VALUES (52, 'Vũ Mai Công ty Hợp danh', '+84-40-985324');
INSERT INTO NHA_CUNG_CAP (ID_NCC, TEN_NCC, SDT_NCC) VALUES (53, 'Bùi Bùi Tập Đoàn', '01 5296 5819');
INSERT INTO NHA_CUNG_CAP (ID_NCC, TEN_NCC, SDT_NCC) VALUES (54, 'Nguyễn Tập Đoàn', '+84-60-603869');
INSERT INTO NHA_CUNG_CAP (ID_NCC, TEN_NCC, SDT_NCC) VALUES (55, 'Nguyễn và Bùi Doanh nghiệp tư nhân', '09 9641837');
INSERT INTO NHA_CUNG_CAP (ID_NCC, TEN_NCC, SDT_NCC) VALUES (56, 'Đặng và đối tác Công ty TNHH', '(03) 1668 5314');
INSERT INTO NHA_CUNG_CAP (ID_NCC, TEN_NCC, SDT_NCC) VALUES (57, 'Đặng và Bùi Doanh nghiệp tư nhân', '05 3689 2146');
INSERT INTO NHA_CUNG_CAP (ID_NCC, TEN_NCC, SDT_NCC) VALUES (58, 'Đặng và Trần Công ty Cổ phần', '03 4927933');
INSERT INTO NHA_CUNG_CAP (ID_NCC, TEN_NCC, SDT_NCC) VALUES (59, 'Trần và đối tác Tập Đoàn', '+84-19-771 2742');
INSERT INTO NHA_CUNG_CAP (ID_NCC, TEN_NCC, SDT_NCC) VALUES (60, 'Trần Công ty Hợp danh', '+84 05 4460215');
INSERT INTO NHA_CUNG_CAP (ID_NCC, TEN_NCC, SDT_NCC) VALUES (61, 'Mai Trần Công ty Cổ phần', '(00) 5805 4624');
INSERT INTO NHA_CUNG_CAP (ID_NCC, TEN_NCC, SDT_NCC) VALUES (62, 'Phạm và Trần Công ty TNHH', '01 0687 5709');
INSERT INTO NHA_CUNG_CAP (ID_NCC, TEN_NCC, SDT_NCC) VALUES (63, 'Đặng và đối tác Doanh nghiệp tư nhân', '(07)673-8033');
INSERT INTO NHA_CUNG_CAP (ID_NCC, TEN_NCC, SDT_NCC) VALUES (64, 'Trần và Dương Công ty TNHH', '01 8835006');
INSERT INTO NHA_CUNG_CAP (ID_NCC, TEN_NCC, SDT_NCC) VALUES (65, 'Dương và Bùi Công ty TNHH', '07 2339207');
INSERT INTO NHA_CUNG_CAP (ID_NCC, TEN_NCC, SDT_NCC) VALUES (66, 'Dương Nguyễn Công ty Cổ phần', '+84 75 2378659');
INSERT INTO NHA_CUNG_CAP (ID_NCC, TEN_NCC, SDT_NCC) VALUES (67, 'Mai Hoàng Công ty TNHH', '08 8990 7720');
INSERT INTO NHA_CUNG_CAP (ID_NCC, TEN_NCC, SDT_NCC) VALUES (68, 'Dương và Lê Công ty Cổ phần', '+84-54-893699');
INSERT INTO NHA_CUNG_CAP (ID_NCC, TEN_NCC, SDT_NCC) VALUES (69, 'Vũ Dương Công ty Cổ phần', '+84-94-424 5838');
INSERT INTO NHA_CUNG_CAP (ID_NCC, TEN_NCC, SDT_NCC) VALUES (70, 'Bùi Dương Công ty TNHH MTV', '(05)413-9620');
INSERT INTO NHA_CUNG_CAP (ID_NCC, TEN_NCC, SDT_NCC) VALUES (71, 'Đặng và đối tác Doanh nghiệp tư nhân', '03 1158638');
INSERT INTO NHA_CUNG_CAP (ID_NCC, TEN_NCC, SDT_NCC) VALUES (72, 'Lê Mai Công ty Cổ phần', '+84-42-794613');
INSERT INTO NHA_CUNG_CAP (ID_NCC, TEN_NCC, SDT_NCC) VALUES (73, 'Hoàng Công ty Hợp danh', '+84 06 7026341');
INSERT INTO NHA_CUNG_CAP (ID_NCC, TEN_NCC, SDT_NCC) VALUES (74, 'Trần Trần Công ty TNHH MTV', '(03) 4782 1477');
INSERT INTO NHA_CUNG_CAP (ID_NCC, TEN_NCC, SDT_NCC) VALUES (75, 'Dương Công ty Cổ phần', '(01)845-4708');
INSERT INTO NHA_CUNG_CAP (ID_NCC, TEN_NCC, SDT_NCC) VALUES (76, 'Trần Dương Doanh nghiệp tư nhân', '+84-61-575807');
INSERT INTO NHA_CUNG_CAP (ID_NCC, TEN_NCC, SDT_NCC) VALUES (77, 'Bùi Công ty TNHH', '05 6981 8975');
INSERT INTO NHA_CUNG_CAP (ID_NCC, TEN_NCC, SDT_NCC) VALUES (78, 'Đặng Bùi Công ty TNHH', '(08) 6838 9161');
INSERT INTO NHA_CUNG_CAP (ID_NCC, TEN_NCC, SDT_NCC) VALUES (79, 'Lê và đối tác Công ty Hợp danh', '01 7973 8725');
INSERT INTO NHA_CUNG_CAP (ID_NCC, TEN_NCC, SDT_NCC) VALUES (80, 'Nguyễn và Dương Doanh nghiệp tư nhân', '(05)410-4618');
INSERT INTO NHA_CUNG_CAP (ID_NCC, TEN_NCC, SDT_NCC) VALUES (81, 'Nguyễn Công ty TNHH MTV', '+84-20-097049');
INSERT INTO NHA_CUNG_CAP (ID_NCC, TEN_NCC, SDT_NCC) VALUES (82, 'Đặng và Bùi Công ty Hợp danh', '(08)457-4747');
INSERT INTO NHA_CUNG_CAP (ID_NCC, TEN_NCC, SDT_NCC) VALUES (83, 'Bùi Đặng Công ty TNHH', '04 9661 7471');
INSERT INTO NHA_CUNG_CAP (ID_NCC, TEN_NCC, SDT_NCC) VALUES (84, 'Đặng và đối tác Công ty Trách nhiệm hữu hạn', '(03) 3851 3204');
INSERT INTO NHA_CUNG_CAP (ID_NCC, TEN_NCC, SDT_NCC) VALUES (85, 'Đặng Doanh nghiệp tư nhân', '+84 49 3450418');
INSERT INTO NHA_CUNG_CAP (ID_NCC, TEN_NCC, SDT_NCC) VALUES (86, 'Lê và đối tác Công ty TNHH', '(08) 6868 5540');
INSERT INTO NHA_CUNG_CAP (ID_NCC, TEN_NCC, SDT_NCC) VALUES (87, 'Bùi Bùi Công ty TNHH MTV', '+84 94 8609325');
INSERT INTO NHA_CUNG_CAP (ID_NCC, TEN_NCC, SDT_NCC) VALUES (88, 'Trần Nguyễn Công ty Cổ phần', '(09) 2157 0596');
INSERT INTO NHA_CUNG_CAP (ID_NCC, TEN_NCC, SDT_NCC) VALUES (89, 'Đặng Công ty TNHH MTV', '(08) 9555 1670');
INSERT INTO NHA_CUNG_CAP (ID_NCC, TEN_NCC, SDT_NCC) VALUES (90, 'Mai và đối tác Công ty Hợp danh', '00 2441382');
INSERT INTO NHA_CUNG_CAP (ID_NCC, TEN_NCC, SDT_NCC) VALUES (91, 'Vũ Đặng Công ty Cổ phần', '02 1132288');
INSERT INTO NHA_CUNG_CAP (ID_NCC, TEN_NCC, SDT_NCC) VALUES (92, 'Nguyễn Nguyễn Công ty Cổ phần', '+84-86-910742');
INSERT INTO NHA_CUNG_CAP (ID_NCC, TEN_NCC, SDT_NCC) VALUES (93, 'Đặng và Phạm Công ty Trách nhiệm hữu hạn', '(06)406-6998');
INSERT INTO NHA_CUNG_CAP (ID_NCC, TEN_NCC, SDT_NCC) VALUES (94, 'Nguyễn và đối tác Công ty Trách nhiệm hữu hạn', '+84-65-885 8002');
INSERT INTO NHA_CUNG_CAP (ID_NCC, TEN_NCC, SDT_NCC) VALUES (95, 'Dương và đối tác Công ty TNHH', '+84-76-623 1873');
INSERT INTO NHA_CUNG_CAP (ID_NCC, TEN_NCC, SDT_NCC) VALUES (96, 'Dương và đối tác Doanh nghiệp tư nhân', '+84 18 1161141');
INSERT INTO NHA_CUNG_CAP (ID_NCC, TEN_NCC, SDT_NCC) VALUES (97, 'Hoàng và đối tác Công ty TNHH', '+84-50-876952');
INSERT INTO NHA_CUNG_CAP (ID_NCC, TEN_NCC, SDT_NCC) VALUES (98, 'Nguyễn và đối tác Công ty TNHH', '(01)857-3769');
INSERT INTO NHA_CUNG_CAP (ID_NCC, TEN_NCC, SDT_NCC) VALUES (99, 'Hoàng và Hoàng Tập Đoàn', '05 5117 4766');
INSERT INTO NHA_CUNG_CAP (ID_NCC, TEN_NCC, SDT_NCC) VALUES (100, 'Dương Nguyễn Công ty TNHH', '(05)317-6742');

-- INSERT cho bảng KHACH_HANG
INSERT INTO KHACH_HANG (ID_KH, TEN_KH, SDT_KH, DIA_CHI) VALUES (1, 'Nam Trần', '+84 72 7740020', '14 John Dãy, JaneThành phố, 937614');
INSERT INTO KHACH_HANG (ID_KH, TEN_KH, SDT_KH, DIA_CHI) VALUES (2, 'Bà Dương Trần', '(01)321-8093', '7 John Làng, JohnThị xã, 802643');
INSERT INTO KHACH_HANG (ID_KH, TEN_KH, SDT_KH, DIA_CHI) VALUES (3, 'Hạnh Trần', '(02)838-9842', '669 Nguyễn Khu, JohnThị xã, 105235');
INSERT INTO KHACH_HANG (ID_KH, TEN_KH, SDT_KH, DIA_CHI) VALUES (4, 'Cô Linh Bùi', '+84-47-599416', '874 Jane Ngõ, Quận JohnThị xã, 825685');
INSERT INTO KHACH_HANG (ID_KH, TEN_KH, SDT_KH, DIA_CHI) VALUES (5, 'Cô Nhật Bùi', '(01) 9705 7367', '46 Trần Số, Thị xã JohnQuận, 632016');
INSERT INTO KHACH_HANG (ID_KH, TEN_KH, SDT_KH, DIA_CHI) VALUES (6, 'Tú Trần', '00 2625093', '317 John Số, JohnThị xã, 327015');
INSERT INTO KHACH_HANG (ID_KH, TEN_KH, SDT_KH, DIA_CHI) VALUES (7, 'Hưng Mai', '(09)835-7346', 'JaneThị xã, 77 John Ngõ, 460085');
INSERT INTO KHACH_HANG (ID_KH, TEN_KH, SDT_KH, DIA_CHI) VALUES (8, 'Duyên Dương', '(02) 1514 6123', '6 Mai Ngõ, Huyện JohnPhường, 633681');
INSERT INTO KHACH_HANG (ID_KH, TEN_KH, SDT_KH, DIA_CHI) VALUES (9, 'Bác Quang Phạm', '+84 09 8724146', '708 Jane Đường, JohnXã, 430710');
INSERT INTO KHACH_HANG (ID_KH, TEN_KH, SDT_KH, DIA_CHI) VALUES (10, 'Quý cô Ánh Đặng', '+84 17 6051128', '76 Jane Đường, JaneXã, 100851');
INSERT INTO KHACH_HANG (ID_KH, TEN_KH, SDT_KH, DIA_CHI) VALUES (11, 'Bà Nhật Nguyễn', '+84 73 8907128', '190 John Khu, JohnPhường, 370588');
INSERT INTO KHACH_HANG (ID_KH, TEN_KH, SDT_KH, DIA_CHI) VALUES (12, 'Anh Bảo Đặng', '+84 24 6899933', '1 John Làng, Thị xã JaneThành phố, 232762');
INSERT INTO KHACH_HANG (ID_KH, TEN_KH, SDT_KH, DIA_CHI) VALUES (13, 'Nhật Phạm', '+84-57-031694', '4 Jane Làng, Huyện JaneXã, 659970');
INSERT INTO KHACH_HANG (ID_KH, TEN_KH, SDT_KH, DIA_CHI) VALUES (14, 'Lâm Phạm', '00 4835599', '47 John Khu, JaneXã, 737315');
INSERT INTO KHACH_HANG (ID_KH, TEN_KH, SDT_KH, DIA_CHI) VALUES (15, 'Ngọc Mai', '02 7094529', '0 Dương Tổ, JaneXã, 678215');
INSERT INTO KHACH_HANG (ID_KH, TEN_KH, SDT_KH, DIA_CHI) VALUES (16, 'Hà Vũ', '03 1222404', '29 Jane Khu, JohnThành phố, 721897');
INSERT INTO KHACH_HANG (ID_KH, TEN_KH, SDT_KH, DIA_CHI) VALUES (17, 'Hà Lê', '+84-50-710901', '911 Vũ Khu, Thành phố JaneThành phố, 242365');
INSERT INTO KHACH_HANG (ID_KH, TEN_KH, SDT_KH, DIA_CHI) VALUES (18, 'Hà Vũ', '05 7469376', '3 Dương Số, JaneThành phố, 992557');
INSERT INTO KHACH_HANG (ID_KH, TEN_KH, SDT_KH, DIA_CHI) VALUES (19, 'Hà Đặng', '(02) 7617 8547', '4 Nguyễn Dãy, Huyện JohnHuyện, 473458');
INSERT INTO KHACH_HANG (ID_KH, TEN_KH, SDT_KH, DIA_CHI) VALUES (20, 'Bảo Mai Hoàng', '+84-14-597 4945', '11 John Đường, Quận JaneThành phố, 267677');
INSERT INTO KHACH_HANG (ID_KH, TEN_KH, SDT_KH, DIA_CHI) VALUES (21, 'Quang Hữu Hoàng', '(08)820-8806', '320 Jane Số, JohnQuận, 241518');
INSERT INTO KHACH_HANG (ID_KH, TEN_KH, SDT_KH, DIA_CHI) VALUES (22, 'Hưng Hải Phạm', '+84 86 3188462', '029 Jane Tổ, Quận JaneThành phố, 794849');
INSERT INTO KHACH_HANG (ID_KH, TEN_KH, SDT_KH, DIA_CHI) VALUES (23, 'Chị Bảo Phạm', '(05)175-3855', '7 Bùi Tổ, JohnQuận, 582859');
INSERT INTO KHACH_HANG (ID_KH, TEN_KH, SDT_KH, DIA_CHI) VALUES (24, 'Cô Vi Hoàng', '(02) 0983 4107', '8 John Ngõ, Quận JanePhường, 791408');
INSERT INTO KHACH_HANG (ID_KH, TEN_KH, SDT_KH, DIA_CHI) VALUES (25, 'Bảo Dương', '+84-24-514 9740', '848 Đặng Số, Thành phố JohnThành phố, 293007');
INSERT INTO KHACH_HANG (ID_KH, TEN_KH, SDT_KH, DIA_CHI) VALUES (26, 'Nhật Trần', '+84-88-479 5268', '4 John Khu, Thành phố JohnQuận, 598312');
INSERT INTO KHACH_HANG (ID_KH, TEN_KH, SDT_KH, DIA_CHI) VALUES (27, 'Bà Xuân Hoàng', '09 9771 2343', '47 Jane Dãy, JaneXã, 654857');
INSERT INTO KHACH_HANG (ID_KH, TEN_KH, SDT_KH, DIA_CHI) VALUES (28, 'Linh Vũ', '+84 52 5106457', '42 Jane Khu, JaneThành phố, 373989');
INSERT INTO KHACH_HANG (ID_KH, TEN_KH, SDT_KH, DIA_CHI) VALUES (29, 'Hà Xuân Vũ', '+84-87-582 7644', 'JohnHuyện, 06 John Làng, 354799');
INSERT INTO KHACH_HANG (ID_KH, TEN_KH, SDT_KH, DIA_CHI) VALUES (30, 'Nhật Trí Bùi', '03 9465014', '971 John Đường, JaneQuận, 946159');
INSERT INTO KHACH_HANG (ID_KH, TEN_KH, SDT_KH, DIA_CHI) VALUES (31, 'Cô Bảo Mai', '01 3370121', '1 Jane Tổ, Thành phố JaneXã, 205715');
INSERT INTO KHACH_HANG (ID_KH, TEN_KH, SDT_KH, DIA_CHI) VALUES (32, 'Quang Hải Trần', '(07) 6040 2405', '113 Hoàng Số, JaneThị xã, 818130');
INSERT INTO KHACH_HANG (ID_KH, TEN_KH, SDT_KH, DIA_CHI) VALUES (33, 'Vi Đặng', '+84-64-068691', 'JaneXã, 86 Dương Đường, 306503');
INSERT INTO KHACH_HANG (ID_KH, TEN_KH, SDT_KH, DIA_CHI) VALUES (34, 'Lan Mai', '+84-96-249 9449', '9 Vũ Khu, Huyện JohnXã, 383696');
INSERT INTO KHACH_HANG (ID_KH, TEN_KH, SDT_KH, DIA_CHI) VALUES (35, 'Phương Lê', '08 0109 8054', '151 Jane Đường, Huyện JaneThành phố, 288128');
INSERT INTO KHACH_HANG (ID_KH, TEN_KH, SDT_KH, DIA_CHI) VALUES (36, 'Hạnh Bùi', '09 2825 1248', '820 John Số, JaneThành phố, 469001');
INSERT INTO KHACH_HANG (ID_KH, TEN_KH, SDT_KH, DIA_CHI) VALUES (37, 'Thành Bảo Lê', '02 9962 9052', '30 John Dãy, JaneThành phố, 428881');
INSERT INTO KHACH_HANG (ID_KH, TEN_KH, SDT_KH, DIA_CHI) VALUES (38, 'Khoa Hữu Nguyễn', '+84-97-535087', '063 Phạm Dãy, JanePhường, 985507');
INSERT INTO KHACH_HANG (ID_KH, TEN_KH, SDT_KH, DIA_CHI) VALUES (39, 'Khoa Hữu Vũ', '+84-64-677 8911', '4 Jane Hẻm, JaneThành phố, 900913');
INSERT INTO KHACH_HANG (ID_KH, TEN_KH, SDT_KH, DIA_CHI) VALUES (40, 'Chị Nhật Phạm', '+84 83 2406984', '784 Jane Hẻm, JohnXã, 315938');
INSERT INTO KHACH_HANG (ID_KH, TEN_KH, SDT_KH, DIA_CHI) VALUES (41, 'Bà Bảo Hoàng', '(05) 2511 8241', '665 Jane Làng, JohnQuận, 223096');
INSERT INTO KHACH_HANG (ID_KH, TEN_KH, SDT_KH, DIA_CHI) VALUES (42, 'Chị Hương Dương', '(02) 8302 6780', '9 John Số, Thành phố JaneThị xã, 204320');
INSERT INTO KHACH_HANG (ID_KH, TEN_KH, SDT_KH, DIA_CHI) VALUES (43, 'Nhật Tấn Hoàng', '07 0285 9586', '124 Lê Hẻm, JohnQuận, 193176');
INSERT INTO KHACH_HANG (ID_KH, TEN_KH, SDT_KH, DIA_CHI) VALUES (44, 'Chị Linh Đặng', '+84 45 5086821', '6 John Số, Huyện JohnQuận, 832373');
INSERT INTO KHACH_HANG (ID_KH, TEN_KH, SDT_KH, DIA_CHI) VALUES (45, 'Cô Dương Đặng', '02 7120 8675', '8 Jane Làng, Huyện JaneQuận, 832531');
INSERT INTO KHACH_HANG (ID_KH, TEN_KH, SDT_KH, DIA_CHI) VALUES (46, 'Ông Quang Đặng', '+84-91-065 8961', '699 Trần Tổ, JohnXã, 209329');
INSERT INTO KHACH_HANG (ID_KH, TEN_KH, SDT_KH, DIA_CHI) VALUES (47, 'Quý ông Dũng Lê', '(01)263-3497', '4 Dương Hẻm, Thị xã JohnHuyện, 496752');
INSERT INTO KHACH_HANG (ID_KH, TEN_KH, SDT_KH, DIA_CHI) VALUES (48, 'Cô Vân Phạm', '04 8989032', '75 Hoàng Dãy, JohnPhường, 283590');
INSERT INTO KHACH_HANG (ID_KH, TEN_KH, SDT_KH, DIA_CHI) VALUES (49, 'Cô An Hoàng', '(03) 5368 2083', '004 Jane Ngõ, JohnQuận, 604772');
INSERT INTO KHACH_HANG (ID_KH, TEN_KH, SDT_KH, DIA_CHI) VALUES (50, 'Lan Mai', '+84-27-881324', '92 Jane Đường, Thành phố JohnHuyện, 156968');
INSERT INTO KHACH_HANG (ID_KH, TEN_KH, SDT_KH, DIA_CHI) VALUES (51, 'Trọng Nguyễn', '(03) 1249 4307', '5 Mai Làng, JohnHuyện, 231170');
INSERT INTO KHACH_HANG (ID_KH, TEN_KH, SDT_KH, DIA_CHI) VALUES (52, 'Duyên Trần', '+84 24 0502905', '3 Lê Ngõ, JohnXã, 115337');
INSERT INTO KHACH_HANG (ID_KH, TEN_KH, SDT_KH, DIA_CHI) VALUES (53, 'Hưng Bùi', '+84 54 1754407', '230 Phạm Ngõ, Thành phố JohnThành phố, 574817');
INSERT INTO KHACH_HANG (ID_KH, TEN_KH, SDT_KH, DIA_CHI) VALUES (54, 'Thảo Bùi', '(04) 0569 1701', '74 John Tổ, Thành phố JaneXã, 866696');
INSERT INTO KHACH_HANG (ID_KH, TEN_KH, SDT_KH, DIA_CHI) VALUES (55, 'Vũ Mai', '(05)668-4714', 'Huyện JohnQuận, 45 Jane Khu, 489718');
INSERT INTO KHACH_HANG (ID_KH, TEN_KH, SDT_KH, DIA_CHI) VALUES (56, 'Quý cô Chi Nguyễn', '(03)495-2217', '77 Dương Khu, JanePhường, 585716');
INSERT INTO KHACH_HANG (ID_KH, TEN_KH, SDT_KH, DIA_CHI) VALUES (57, 'Bác Quang Vũ', '+84-78-177 7725', '20 Vũ Hẻm, Quận JohnHuyện, 524286');
INSERT INTO KHACH_HANG (ID_KH, TEN_KH, SDT_KH, DIA_CHI) VALUES (58, 'Ngọc Trần', '+84-39-898473', '579 Jane Làng, Thành phố JaneQuận, 545366');
INSERT INTO KHACH_HANG (ID_KH, TEN_KH, SDT_KH, DIA_CHI) VALUES (59, 'Ông Trung Phạm', '06 4274 9638', '2 Lê Làng, Thành phố JaneHuyện, 920575');
INSERT INTO KHACH_HANG (ID_KH, TEN_KH, SDT_KH, DIA_CHI) VALUES (60, 'Anh Dũng Hoàng', '(00)612-7995', 'Thành phố JohnThành phố, 52 Lê Số, 838257');
INSERT INTO KHACH_HANG (ID_KH, TEN_KH, SDT_KH, DIA_CHI) VALUES (61, 'Dương Đặng', '03 9470 8985', 'Huyện JohnHuyện, 232 Phạm Dãy, 807888');
INSERT INTO KHACH_HANG (ID_KH, TEN_KH, SDT_KH, DIA_CHI) VALUES (62, 'Anh Nhiên Phạm', '(00)883-5217', '597 Vũ Số, JohnThành phố, 788830');
INSERT INTO KHACH_HANG (ID_KH, TEN_KH, SDT_KH, DIA_CHI) VALUES (63, 'Cô Mai Trần', '+84 48 2156267', '3 Đặng Làng, Quận JohnQuận, 655468');
INSERT INTO KHACH_HANG (ID_KH, TEN_KH, SDT_KH, DIA_CHI) VALUES (64, 'Thành Đặng', '+84-09-236938', '033 Bùi Đường, Thị xã JohnThị xã, 627988');
INSERT INTO KHACH_HANG (ID_KH, TEN_KH, SDT_KH, DIA_CHI) VALUES (65, 'Kim Đức Mai', '06 8830 6065', '58 John Số, JaneXã, 387388');
INSERT INTO KHACH_HANG (ID_KH, TEN_KH, SDT_KH, DIA_CHI) VALUES (66, 'Quý cô Mai Phạm', '+84-92-360 1287', '89 John Hẻm, Thành phố JanePhường, 561404');
INSERT INTO KHACH_HANG (ID_KH, TEN_KH, SDT_KH, DIA_CHI) VALUES (67, 'Mai Đặng', '00 6957 1821', '6 Jane Khu, Huyện JohnQuận, 555160');
INSERT INTO KHACH_HANG (ID_KH, TEN_KH, SDT_KH, DIA_CHI) VALUES (68, 'Lâm Trí Phạm', '04 7688 4725', 'Thị xã JaneThành phố, 7 Bùi Hẻm, 539064');
INSERT INTO KHACH_HANG (ID_KH, TEN_KH, SDT_KH, DIA_CHI) VALUES (69, 'Khoa Hoàng Trần', '+84 13 5176915', '61 Jane Hẻm, Thị xã JohnPhường, 337438');
INSERT INTO KHACH_HANG (ID_KH, TEN_KH, SDT_KH, DIA_CHI) VALUES (70, 'Xuân Vũ', '(05)714-6558', '59 Lê Số, JohnXã, 260164');
INSERT INTO KHACH_HANG (ID_KH, TEN_KH, SDT_KH, DIA_CHI) VALUES (71, 'Hạnh Đức Trần', '05 6242000', '28 Mai Tổ, JaneQuận, 346389');
INSERT INTO KHACH_HANG (ID_KH, TEN_KH, SDT_KH, DIA_CHI) VALUES (72, 'Khoa Phạm', '02 3555432', '896 Mai Đường, Quận JaneHuyện, 382018');
INSERT INTO KHACH_HANG (ID_KH, TEN_KH, SDT_KH, DIA_CHI) VALUES (73, 'Quý cô Hồng Dương', '+84 01 5839936', '5 Lê Số, Thành phố JaneThành phố, 653737');
INSERT INTO KHACH_HANG (ID_KH, TEN_KH, SDT_KH, DIA_CHI) VALUES (74, 'An Trí Hoàng', '+84 67 0062408', '023 Vũ Dãy, Huyện JohnThị xã, 422267');
INSERT INTO KHACH_HANG (ID_KH, TEN_KH, SDT_KH, DIA_CHI) VALUES (75, 'Bà Hạnh Mai', '+84-01-456195', '40 Jane Dãy, Huyện JanePhường, 410354');
INSERT INTO KHACH_HANG (ID_KH, TEN_KH, SDT_KH, DIA_CHI) VALUES (76, 'Dũng Nguyễn', '(03) 0668 4706', 'Thị xã JanePhường, 9 Bùi Hẻm, 869310');
INSERT INTO KHACH_HANG (ID_KH, TEN_KH, SDT_KH, DIA_CHI) VALUES (77, 'Hạnh Quang Dương', '+84-75-597534', '24 John Số, Huyện JohnQuận, 167940');
INSERT INTO KHACH_HANG (ID_KH, TEN_KH, SDT_KH, DIA_CHI) VALUES (78, 'Lan Hoàng', '04 8169282', '418 John Làng, Quận JaneHuyện, 990176');
INSERT INTO KHACH_HANG (ID_KH, TEN_KH, SDT_KH, DIA_CHI) VALUES (79, 'Dương Đặng', '(01)016-9607', '2 Nguyễn Làng, JohnHuyện, 403974');
INSERT INTO KHACH_HANG (ID_KH, TEN_KH, SDT_KH, DIA_CHI) VALUES (80, 'Hà Thế Bùi', '+84 34 7151461', '0 John Làng, Thành phố JaneXã, 797483');
INSERT INTO KHACH_HANG (ID_KH, TEN_KH, SDT_KH, DIA_CHI) VALUES (81, 'Nhật Lê', '(06)330-1944', '36 Vũ Dãy, Thị xã JanePhường, 415006');
INSERT INTO KHACH_HANG (ID_KH, TEN_KH, SDT_KH, DIA_CHI) VALUES (82, 'Quý ông Dũng Lê', '+84-31-895 3629', '85 Trần Hẻm, Huyện JaneThị xã, 559035');
INSERT INTO KHACH_HANG (ID_KH, TEN_KH, SDT_KH, DIA_CHI) VALUES (83, 'Hà Bảo Phạm', '+84 33 2895399', '092 John Tổ, JanePhường, 292463');
INSERT INTO KHACH_HANG (ID_KH, TEN_KH, SDT_KH, DIA_CHI) VALUES (84, 'Hạnh Mai Hoàng', '00 6190909', '037 Jane Dãy, JaneThị xã, 995855');
INSERT INTO KHACH_HANG (ID_KH, TEN_KH, SDT_KH, DIA_CHI) VALUES (85, 'Quý ông Trung Đặng', '(08)004-0397', '900 Vũ Dãy, JohnXã, 955507');
INSERT INTO KHACH_HANG (ID_KH, TEN_KH, SDT_KH, DIA_CHI) VALUES (86, 'Kim Thế Hoàng', '+84-23-881 0272', '6 Jane Ngõ, Thị xã JohnThành phố, 901117');
INSERT INTO KHACH_HANG (ID_KH, TEN_KH, SDT_KH, DIA_CHI) VALUES (87, 'Anh Tấn Phạm', '+84-15-907 3158', '4 Jane Làng, Thành phố JaneHuyện, 237907');
INSERT INTO KHACH_HANG (ID_KH, TEN_KH, SDT_KH, DIA_CHI) VALUES (88, 'Ông Quang Hoàng', '+84-97-391135', '43 John Khu, JanePhường, 775763');
INSERT INTO KHACH_HANG (ID_KH, TEN_KH, SDT_KH, DIA_CHI) VALUES (89, 'Chị Vân Bùi', '06 8778 4262', '3 Nguyễn Dãy, Thành phố JaneHuyện, 150464');
INSERT INTO KHACH_HANG (ID_KH, TEN_KH, SDT_KH, DIA_CHI) VALUES (90, 'Hạnh Hoàng Dương', '+84 69 6106242', '0 Phạm Tổ, Thị xã JohnHuyện, 406491');
INSERT INTO KHACH_HANG (ID_KH, TEN_KH, SDT_KH, DIA_CHI) VALUES (91, 'An Hải Mai', '+84-12-778 2822', '66 Bùi Số, Quận JohnThành phố, 572592');
INSERT INTO KHACH_HANG (ID_KH, TEN_KH, SDT_KH, DIA_CHI) VALUES (92, 'Hoàng Đặng', '07 7288 2092', '84 Lê Khu, JaneThị xã, 580575');
INSERT INTO KHACH_HANG (ID_KH, TEN_KH, SDT_KH, DIA_CHI) VALUES (93, 'Bà Lâm Lê', '(04)920-1259', '812 Jane Số, Quận JaneThị xã, 179518');
INSERT INTO KHACH_HANG (ID_KH, TEN_KH, SDT_KH, DIA_CHI) VALUES (94, 'Ngọc Bùi', '02 4936123', '03 Jane Ngõ, Huyện JaneThị xã, 342105');
INSERT INTO KHACH_HANG (ID_KH, TEN_KH, SDT_KH, DIA_CHI) VALUES (95, 'Bác Tùng Trần', '(07) 7336 8456', '4 Mai Dãy, Thành phố JohnThành phố, 540866');
INSERT INTO KHACH_HANG (ID_KH, TEN_KH, SDT_KH, DIA_CHI) VALUES (96, 'Bà Nhật Bùi', '+84-30-048037', '63 John Đường, Thành phố JanePhường, 146902');
INSERT INTO KHACH_HANG (ID_KH, TEN_KH, SDT_KH, DIA_CHI) VALUES (97, 'Hồng Phạm', '(04) 1585 2134', '0 Đặng Số, Thị xã JaneHuyện, 400009');
INSERT INTO KHACH_HANG (ID_KH, TEN_KH, SDT_KH, DIA_CHI) VALUES (98, 'Lâm Vũ', '09 6074184', '64 Vũ Số, Thị xã JanePhường, 920279');
INSERT INTO KHACH_HANG (ID_KH, TEN_KH, SDT_KH, DIA_CHI) VALUES (99, 'Bảo Hữu Dương', '09 5511468', '36 Dương Ngõ, JohnPhường, 411950');
INSERT INTO KHACH_HANG (ID_KH, TEN_KH, SDT_KH, DIA_CHI) VALUES (100, 'Quang Mai Nguyễn', '+84 84 8555551', '709 Jane Tổ, JohnXã, 268668');

-- INSERT cho bảng NHAN_VIEN
INSERT INTO NHAN_VIEN (ID_NV, TEN_NV, SDT_NV, ID_TK) VALUES (1, 'Dương Lê', '+84 57 7351727', 17);
INSERT INTO NHAN_VIEN (ID_NV, TEN_NV, SDT_NV, ID_TK) VALUES (2, 'Tùng Bảo Dương', '+84 57 3063863', 61);
INSERT INTO NHAN_VIEN (ID_NV, TEN_NV, SDT_NV, ID_TK) VALUES (3, 'Vân Bùi', '+84 82 2005615', 54);
INSERT INTO NHAN_VIEN (ID_NV, TEN_NV, SDT_NV, ID_TK) VALUES (4, 'Quang Đức Đặng', '+84-86-884867', 2);
INSERT INTO NHAN_VIEN (ID_NV, TEN_NV, SDT_NV, ID_TK) VALUES (5, 'Khoa Phạm', '+84-05-064 4880', 8);
INSERT INTO NHAN_VIEN (ID_NV, TEN_NV, SDT_NV, ID_TK) VALUES (6, 'Bà Mai Vũ', '02 7928990', 73);
INSERT INTO NHAN_VIEN (ID_NV, TEN_NV, SDT_NV, ID_TK) VALUES (7, 'Tú Xuân Phạm', '+84-21-988 0610', 35);
INSERT INTO NHAN_VIEN (ID_NV, TEN_NV, SDT_NV, ID_TK) VALUES (8, 'Hà Trần', '+84-94-948 2926', 16);
INSERT INTO NHAN_VIEN (ID_NV, TEN_NV, SDT_NV, ID_TK) VALUES (9, 'Anh Trọng Bùi', '+84-32-515 3794', 64);
INSERT INTO NHAN_VIEN (ID_NV, TEN_NV, SDT_NV, ID_TK) VALUES (10, 'Chi Dương', '+84 24 4157133', 31);
INSERT INTO NHAN_VIEN (ID_NV, TEN_NV, SDT_NV, ID_TK) VALUES (11, 'Lan Hoàng', '00 1707 3079', 27);
INSERT INTO NHAN_VIEN (ID_NV, TEN_NV, SDT_NV, ID_TK) VALUES (12, 'Vân Lê', '(06)032-6006', 61);
INSERT INTO NHAN_VIEN (ID_NV, TEN_NV, SDT_NV, ID_TK) VALUES (13, 'Kim Phạm', '+84 60 1718698', 79);
INSERT INTO NHAN_VIEN (ID_NV, TEN_NV, SDT_NV, ID_TK) VALUES (14, 'Vân Vũ', '+84-48-044481', 7);
INSERT INTO NHAN_VIEN (ID_NV, TEN_NV, SDT_NV, ID_TK) VALUES (15, 'Kim Mai Lê', '+84 75 4832771', 4);
INSERT INTO NHAN_VIEN (ID_NV, TEN_NV, SDT_NV, ID_TK) VALUES (16, 'Khoa Hoàng Dương', '02 3001 7618', 31);
INSERT INTO NHAN_VIEN (ID_NV, TEN_NV, SDT_NV, ID_TK) VALUES (17, 'Quý cô An Dương', '(05)851-3600', 27);
INSERT INTO NHAN_VIEN (ID_NV, TEN_NV, SDT_NV, ID_TK) VALUES (18, 'Chị Thảo Lê', '+84-31-540 8116', 83);
INSERT INTO NHAN_VIEN (ID_NV, TEN_NV, SDT_NV, ID_TK) VALUES (19, 'Quý cô Vân Trần', '+84 47 0159816', 4);
INSERT INTO NHAN_VIEN (ID_NV, TEN_NV, SDT_NV, ID_TK) VALUES (20, 'Hạnh Lê', '+84-76-662583', 87);
INSERT INTO NHAN_VIEN (ID_NV, TEN_NV, SDT_NV, ID_TK) VALUES (21, 'Hưng Đặng', '(07)292-6385', 68);
INSERT INTO NHAN_VIEN (ID_NV, TEN_NV, SDT_NV, ID_TK) VALUES (22, 'Huy Mai Bảo Vũ', '(02)069-9115', 26);
INSERT INTO NHAN_VIEN (ID_NV, TEN_NV, SDT_NV, ID_TK) VALUES (23, 'Nhật Văn Trần', '+84-59-979 0804', 48);
INSERT INTO NHAN_VIEN (ID_NV, TEN_NV, SDT_NV, ID_TK) VALUES (24, 'Bảo Đức Mai', '(06) 9256 6076', 74);
INSERT INTO NHAN_VIEN (ID_NV, TEN_NV, SDT_NV, ID_TK) VALUES (25, 'Cô Dương Phạm', '03 1245882', 66);
INSERT INTO NHAN_VIEN (ID_NV, TEN_NV, SDT_NV, ID_TK) VALUES (26, 'Phương Trí Mai', '(07)760-1852', 57);
INSERT INTO NHAN_VIEN (ID_NV, TEN_NV, SDT_NV, ID_TK) VALUES (27, 'Nhật Hữu Lê', '+84-85-734656', 32);
INSERT INTO NHAN_VIEN (ID_NV, TEN_NV, SDT_NV, ID_TK) VALUES (28, 'Lâm Tấn Hoàng', '(08)564-5725', 10);
INSERT INTO NHAN_VIEN (ID_NV, TEN_NV, SDT_NV, ID_TK) VALUES (29, 'Vi Lê', '+84 82 9577106', 10);
INSERT INTO NHAN_VIEN (ID_NV, TEN_NV, SDT_NV, ID_TK) VALUES (30, 'Chị Xuân Vũ', '+84-49-053 8872', 68);
INSERT INTO NHAN_VIEN (ID_NV, TEN_NV, SDT_NV, ID_TK) VALUES (31, 'Chị Chi Phạm', '+84-44-986 5868', 82);
INSERT INTO NHAN_VIEN (ID_NV, TEN_NV, SDT_NV, ID_TK) VALUES (32, 'Vi Mai', '02 2757906', 58);
INSERT INTO NHAN_VIEN (ID_NV, TEN_NV, SDT_NV, ID_TK) VALUES (33, 'Ông Trọng Mai', '(04) 9076 9460', 28);
INSERT INTO NHAN_VIEN (ID_NV, TEN_NV, SDT_NV, ID_TK) VALUES (34, 'Bác Bảo Mai', '(01)427-3691', 5);
INSERT INTO NHAN_VIEN (ID_NV, TEN_NV, SDT_NV, ID_TK) VALUES (35, 'Thành Nguyễn', '+84 62 8676078', 34);
INSERT INTO NHAN_VIEN (ID_NV, TEN_NV, SDT_NV, ID_TK) VALUES (36, 'Bảo Trần', '(03)245-2897', 62);
INSERT INTO NHAN_VIEN (ID_NV, TEN_NV, SDT_NV, ID_TK) VALUES (37, 'Hồng Phạm', '+84 53 6787934', 40);
INSERT INTO NHAN_VIEN (ID_NV, TEN_NV, SDT_NV, ID_TK) VALUES (38, 'Khoa Dương', '07 6736838', 83);
INSERT INTO NHAN_VIEN (ID_NV, TEN_NV, SDT_NV, ID_TK) VALUES (39, 'Kim Mai', '04 3985 4117', 25);
INSERT INTO NHAN_VIEN (ID_NV, TEN_NV, SDT_NV, ID_TK) VALUES (40, 'Anh Phúc Phạm', '(02) 0599 3118', 3);
INSERT INTO NHAN_VIEN (ID_NV, TEN_NV, SDT_NV, ID_TK) VALUES (41, 'Bảo Lê', '(03)998-2589', 63);
INSERT INTO NHAN_VIEN (ID_NV, TEN_NV, SDT_NV, ID_TK) VALUES (42, 'Dũng Đặng', '(00)914-0568', 49);
INSERT INTO NHAN_VIEN (ID_NV, TEN_NV, SDT_NV, ID_TK) VALUES (43, 'Ông Trọng Hoàng', '(06) 0794 3623', 46);
INSERT INTO NHAN_VIEN (ID_NV, TEN_NV, SDT_NV, ID_TK) VALUES (44, 'Nhật Đức Phạm', '(00)588-2052', 2);
INSERT INTO NHAN_VIEN (ID_NV, TEN_NV, SDT_NV, ID_TK) VALUES (45, 'Hồng Lê', '+84 24 6821356', 52);
INSERT INTO NHAN_VIEN (ID_NV, TEN_NV, SDT_NV, ID_TK) VALUES (46, 'Khoa Quang Trần', '02 6497 4770', 79);
INSERT INTO NHAN_VIEN (ID_NV, TEN_NV, SDT_NV, ID_TK) VALUES (47, 'Phương Quang Đặng', '+84 36 0554764', 17);
INSERT INTO NHAN_VIEN (ID_NV, TEN_NV, SDT_NV, ID_TK) VALUES (48, 'Bảo Hữu Bùi', '00 2076 0393', 51);
INSERT INTO NHAN_VIEN (ID_NV, TEN_NV, SDT_NV, ID_TK) VALUES (49, 'Quý cô Lâm Vũ', '03 0288 6528', 43);
INSERT INTO NHAN_VIEN (ID_NV, TEN_NV, SDT_NV, ID_TK) VALUES (50, 'Hạnh Hoàng', '+84-32-159 8091', 3);
INSERT INTO NHAN_VIEN (ID_NV, TEN_NV, SDT_NV, ID_TK) VALUES (51, 'Thành Mai Vũ', '+84 85 9368088', 96);
INSERT INTO NHAN_VIEN (ID_NV, TEN_NV, SDT_NV, ID_TK) VALUES (52, 'Quý cô Ngọc Nguyễn', '06 0729 4120', 68);
INSERT INTO NHAN_VIEN (ID_NV, TEN_NV, SDT_NV, ID_TK) VALUES (53, 'Anh Trọng Phạm', '(05) 4215 6389', 42);
INSERT INTO NHAN_VIEN (ID_NV, TEN_NV, SDT_NV, ID_TK) VALUES (54, 'Trọng Dương', '+84-85-136 2936', 6);
INSERT INTO NHAN_VIEN (ID_NV, TEN_NV, SDT_NV, ID_TK) VALUES (55, 'Chị Lâm Bùi', '+84-59-028 4608', 43);
INSERT INTO NHAN_VIEN (ID_NV, TEN_NV, SDT_NV, ID_TK) VALUES (56, 'Nhiên Đức Mai', '+84-43-782418', 59);
INSERT INTO NHAN_VIEN (ID_NV, TEN_NV, SDT_NV, ID_TK) VALUES (57, 'Phương Đức Phạm', '(01) 0825 2593', 70);
INSERT INTO NHAN_VIEN (ID_NV, TEN_NV, SDT_NV, ID_TK) VALUES (58, 'Ông Trung Lê', '(09)950-7160', 85);
INSERT INTO NHAN_VIEN (ID_NV, TEN_NV, SDT_NV, ID_TK) VALUES (59, 'Thành Mai Bảo Dương', '03 0336 9415', 22);
INSERT INTO NHAN_VIEN (ID_NV, TEN_NV, SDT_NV, ID_TK) VALUES (60, 'Vân Bùi', '02 4144 8145', 63);
INSERT INTO NHAN_VIEN (ID_NV, TEN_NV, SDT_NV, ID_TK) VALUES (61, 'Chị Lan Đặng', '06 5133930', 17);
INSERT INTO NHAN_VIEN (ID_NV, TEN_NV, SDT_NV, ID_TK) VALUES (62, 'Châu Tấn Lê', '06 8273 6493', 8);
INSERT INTO NHAN_VIEN (ID_NV, TEN_NV, SDT_NV, ID_TK) VALUES (63, 'Nam Dương', '04 7439 2928', 93);
INSERT INTO NHAN_VIEN (ID_NV, TEN_NV, SDT_NV, ID_TK) VALUES (64, 'Cô Hương Hoàng', '+84-02-045 7309', 88);
INSERT INTO NHAN_VIEN (ID_NV, TEN_NV, SDT_NV, ID_TK) VALUES (65, 'Quý cô Ngọc Trần', '+84-54-377841', 63);
INSERT INTO NHAN_VIEN (ID_NV, TEN_NV, SDT_NV, ID_TK) VALUES (66, 'Nhiên Xuân Nguyễn', '(06) 0400 9735', 100);
INSERT INTO NHAN_VIEN (ID_NV, TEN_NV, SDT_NV, ID_TK) VALUES (67, 'Cô Yến Dương', '(08) 2382 7201', 69);
INSERT INTO NHAN_VIEN (ID_NV, TEN_NV, SDT_NV, ID_TK) VALUES (68, 'Bác Huy Đặng', '(05)233-6954', 18);
INSERT INTO NHAN_VIEN (ID_NV, TEN_NV, SDT_NV, ID_TK) VALUES (69, 'Anh Trung Lê', '(04)378-6629', 32);
INSERT INTO NHAN_VIEN (ID_NV, TEN_NV, SDT_NV, ID_TK) VALUES (70, 'Ông Hoàng Đặng', '03 4735713', 86);
INSERT INTO NHAN_VIEN (ID_NV, TEN_NV, SDT_NV, ID_TK) VALUES (71, 'Ông Nam Trần', '+84 25 0708544', 61);
INSERT INTO NHAN_VIEN (ID_NV, TEN_NV, SDT_NV, ID_TK) VALUES (72, 'Anh Nam Đặng', '+84-24-998 5481', 68);
INSERT INTO NHAN_VIEN (ID_NV, TEN_NV, SDT_NV, ID_TK) VALUES (73, 'Nhật Thị Nguyễn', '(00)555-7427', 38);
INSERT INTO NHAN_VIEN (ID_NV, TEN_NV, SDT_NV, ID_TK) VALUES (74, 'Bảo Dương', '(08)202-5237', 57);
INSERT INTO NHAN_VIEN (ID_NV, TEN_NV, SDT_NV, ID_TK) VALUES (75, 'Anh Hoàng Lê', '03 4117822', 42);
INSERT INTO NHAN_VIEN (ID_NV, TEN_NV, SDT_NV, ID_TK) VALUES (76, 'Hải Thị Phạm', '06 5398 7757', 3);
INSERT INTO NHAN_VIEN (ID_NV, TEN_NV, SDT_NV, ID_TK) VALUES (77, 'Bảo Đức Hoàng', '(02) 7016 5968', 64);
INSERT INTO NHAN_VIEN (ID_NV, TEN_NV, SDT_NV, ID_TK) VALUES (78, 'Kim Thị Mai', '(07) 8717 6965', 60);
INSERT INTO NHAN_VIEN (ID_NV, TEN_NV, SDT_NV, ID_TK) VALUES (79, 'Cô Linh Lê', '+84-72-232348', 28);
INSERT INTO NHAN_VIEN (ID_NV, TEN_NV, SDT_NV, ID_TK) VALUES (80, 'Chị Kim Hoàng', '(00) 9541 1834', 5);
INSERT INTO NHAN_VIEN (ID_NV, TEN_NV, SDT_NV, ID_TK) VALUES (81, 'Cô An Lê', '06 9417533', 9);
INSERT INTO NHAN_VIEN (ID_NV, TEN_NV, SDT_NV, ID_TK) VALUES (82, 'Kim Văn Phạm', '(03) 0236 8564', 48);
INSERT INTO NHAN_VIEN (ID_NV, TEN_NV, SDT_NV, ID_TK) VALUES (83, 'Nhật Phú Đặng', '07 8092 1451', 7);
INSERT INTO NHAN_VIEN (ID_NV, TEN_NV, SDT_NV, ID_TK) VALUES (84, 'Lan Lê', '(08)123-7842', 100);
INSERT INTO NHAN_VIEN (ID_NV, TEN_NV, SDT_NV, ID_TK) VALUES (85, 'Dũng Bảo Mai', '+84-04-165 7507', 76);
INSERT INTO NHAN_VIEN (ID_NV, TEN_NV, SDT_NV, ID_TK) VALUES (86, 'Bảo Hoàng', '03 6364 6823', 68);
INSERT INTO NHAN_VIEN (ID_NV, TEN_NV, SDT_NV, ID_TK) VALUES (87, 'Quý cô Lâm Dương', '+84 83 9184394', 22);
INSERT INTO NHAN_VIEN (ID_NV, TEN_NV, SDT_NV, ID_TK) VALUES (88, 'Dương Nguyễn', '(03) 7801 9718', 24);
INSERT INTO NHAN_VIEN (ID_NV, TEN_NV, SDT_NV, ID_TK) VALUES (89, 'Quý cô Xuân Lê', '+84 97 5944038', 87);
INSERT INTO NHAN_VIEN (ID_NV, TEN_NV, SDT_NV, ID_TK) VALUES (90, 'Anh Hoàng Vũ', '(03)497-3117', 19);
INSERT INTO NHAN_VIEN (ID_NV, TEN_NV, SDT_NV, ID_TK) VALUES (91, 'Quý cô Ánh Mai', '+84-62-055 1799', 11);
INSERT INTO NHAN_VIEN (ID_NV, TEN_NV, SDT_NV, ID_TK) VALUES (92, 'Hà Phạm', '+84-40-097 3428', 9);
INSERT INTO NHAN_VIEN (ID_NV, TEN_NV, SDT_NV, ID_TK) VALUES (93, 'Tùng Dương', '+84-88-527304', 90);
INSERT INTO NHAN_VIEN (ID_NV, TEN_NV, SDT_NV, ID_TK) VALUES (94, 'Khoa Lê', '(03) 4158 6790', 31);
INSERT INTO NHAN_VIEN (ID_NV, TEN_NV, SDT_NV, ID_TK) VALUES (95, 'Quang Xuân Dương', '04 9016625', 56);
INSERT INTO NHAN_VIEN (ID_NV, TEN_NV, SDT_NV, ID_TK) VALUES (96, 'Hà Hữu Phạm', '+84 97 9348531', 82);
INSERT INTO NHAN_VIEN (ID_NV, TEN_NV, SDT_NV, ID_TK) VALUES (97, 'Quý cô Ánh Trần', '+84-82-388 0859', 83);
INSERT INTO NHAN_VIEN (ID_NV, TEN_NV, SDT_NV, ID_TK) VALUES (98, 'Chị Phương Vũ', '+84-67-905 3395', 41);
INSERT INTO NHAN_VIEN (ID_NV, TEN_NV, SDT_NV, ID_TK) VALUES (99, 'Nhật Nguyễn', '(02)267-3758', 25);
INSERT INTO NHAN_VIEN (ID_NV, TEN_NV, SDT_NV, ID_TK) VALUES (100, 'Nhật Đức Lê', '+84 09 6577784', 12);

-- INSERT cho bảng SAN_PHAM
INSERT INTO SAN_PHAM (ID_SP, TEN_SP, ID_LOAI, GIA_BAN) VALUES (1, 'Cà phê Trung Nguyên', 24, 418977.99);
INSERT INTO SAN_PHAM (ID_SP, TEN_SP, ID_LOAI, GIA_BAN) VALUES (2, 'Cà phê Trung Nguyên', 69, 133657.07);
INSERT INTO SAN_PHAM (ID_SP, TEN_SP, ID_LOAI, GIA_BAN) VALUES (3, 'Bánh mì tươi', 71, 365126.04);
INSERT INTO SAN_PHAM (ID_SP, TEN_SP, ID_LOAI, GIA_BAN) VALUES (4, 'Trứng gà ta', 4, 286455.84);
INSERT INTO SAN_PHAM (ID_SP, TEN_SP, ID_LOAI, GIA_BAN) VALUES (5, 'Rau cải xanh', 24, 244868.5);
INSERT INTO SAN_PHAM (ID_SP, TEN_SP, ID_LOAI, GIA_BAN) VALUES (6, 'Gạo ST25', 86, 324060.7);
INSERT INTO SAN_PHAM (ID_SP, TEN_SP, ID_LOAI, GIA_BAN) VALUES (7, 'Trứng gà ta', 79, 235802.05);
INSERT INTO SAN_PHAM (ID_SP, TEN_SP, ID_LOAI, GIA_BAN) VALUES (8, 'Thịt bò Úc', 23, 400731.08);
INSERT INTO SAN_PHAM (ID_SP, TEN_SP, ID_LOAI, GIA_BAN) VALUES (9, 'Nước ngọt Coca-Cola', 97, 103004.65);
INSERT INTO SAN_PHAM (ID_SP, TEN_SP, ID_LOAI, GIA_BAN) VALUES (10, 'Trứng gà ta', 57, 434681.98);
INSERT INTO SAN_PHAM (ID_SP, TEN_SP, ID_LOAI, GIA_BAN) VALUES (11, 'Bánh mì tươi', 70, 136311.25);
INSERT INTO SAN_PHAM (ID_SP, TEN_SP, ID_LOAI, GIA_BAN) VALUES (12, 'Trứng gà ta', 14, 309531.52);
INSERT INTO SAN_PHAM (ID_SP, TEN_SP, ID_LOAI, GIA_BAN) VALUES (13, 'Bánh mì tươi', 31, 366210.65);
INSERT INTO SAN_PHAM (ID_SP, TEN_SP, ID_LOAI, GIA_BAN) VALUES (14, 'Trứng gà ta', 52, 139687.46);
INSERT INTO SAN_PHAM (ID_SP, TEN_SP, ID_LOAI, GIA_BAN) VALUES (15, 'Sữa tươi Vinamilk', 26, 364959.61);
INSERT INTO SAN_PHAM (ID_SP, TEN_SP, ID_LOAI, GIA_BAN) VALUES (16, 'Gạo ST25', 37, 107536.11);
INSERT INTO SAN_PHAM (ID_SP, TEN_SP, ID_LOAI, GIA_BAN) VALUES (17, 'Trứng gà ta', 80, 402297.12);
INSERT INTO SAN_PHAM (ID_SP, TEN_SP, ID_LOAI, GIA_BAN) VALUES (18, 'Rau cải xanh', 26, 188714.2);
INSERT INTO SAN_PHAM (ID_SP, TEN_SP, ID_LOAI, GIA_BAN) VALUES (19, 'Cà phê Trung Nguyên', 60, 170952.4);
INSERT INTO SAN_PHAM (ID_SP, TEN_SP, ID_LOAI, GIA_BAN) VALUES (20, 'Sữa tươi Vinamilk', 24, 10327.21);
INSERT INTO SAN_PHAM (ID_SP, TEN_SP, ID_LOAI, GIA_BAN) VALUES (21, 'Táo Mỹ', 75, 191954.7);
INSERT INTO SAN_PHAM (ID_SP, TEN_SP, ID_LOAI, GIA_BAN) VALUES (22, 'Bánh mì tươi', 80, 411289.27);
INSERT INTO SAN_PHAM (ID_SP, TEN_SP, ID_LOAI, GIA_BAN) VALUES (23, 'Trứng gà ta', 65, 404139.26);
INSERT INTO SAN_PHAM (ID_SP, TEN_SP, ID_LOAI, GIA_BAN) VALUES (24, 'Táo Mỹ', 13, 287940.19);
INSERT INTO SAN_PHAM (ID_SP, TEN_SP, ID_LOAI, GIA_BAN) VALUES (25, 'Sữa tươi Vinamilk', 3, 385205.25);
INSERT INTO SAN_PHAM (ID_SP, TEN_SP, ID_LOAI, GIA_BAN) VALUES (26, 'Thịt bò Úc', 63, 112400.39);
INSERT INTO SAN_PHAM (ID_SP, TEN_SP, ID_LOAI, GIA_BAN) VALUES (27, 'Thịt bò Úc', 95, 192532.88);
INSERT INTO SAN_PHAM (ID_SP, TEN_SP, ID_LOAI, GIA_BAN) VALUES (28, 'Táo Mỹ', 74, 248172.6);
INSERT INTO SAN_PHAM (ID_SP, TEN_SP, ID_LOAI, GIA_BAN) VALUES (29, 'Trứng gà ta', 33, 65878.88);
INSERT INTO SAN_PHAM (ID_SP, TEN_SP, ID_LOAI, GIA_BAN) VALUES (30, 'Gạo ST25', 61, 175514.6);
INSERT INTO SAN_PHAM (ID_SP, TEN_SP, ID_LOAI, GIA_BAN) VALUES (31, 'Bánh mì tươi', 49, 144952.58);
INSERT INTO SAN_PHAM (ID_SP, TEN_SP, ID_LOAI, GIA_BAN) VALUES (32, 'Táo Mỹ', 93, 119688.2);
INSERT INTO SAN_PHAM (ID_SP, TEN_SP, ID_LOAI, GIA_BAN) VALUES (33, 'Cà phê Trung Nguyên', 6, 373239.16);
INSERT INTO SAN_PHAM (ID_SP, TEN_SP, ID_LOAI, GIA_BAN) VALUES (34, 'Gạo ST25', 38, 41116.29);
INSERT INTO SAN_PHAM (ID_SP, TEN_SP, ID_LOAI, GIA_BAN) VALUES (35, 'Trứng gà ta', 17, 239484.88);
INSERT INTO SAN_PHAM (ID_SP, TEN_SP, ID_LOAI, GIA_BAN) VALUES (36, 'Gạo ST25', 16, 474827.49);
INSERT INTO SAN_PHAM (ID_SP, TEN_SP, ID_LOAI, GIA_BAN) VALUES (37, 'Rau cải xanh', 78, 427538.27);
INSERT INTO SAN_PHAM (ID_SP, TEN_SP, ID_LOAI, GIA_BAN) VALUES (38, 'Nước ngọt Coca-Cola', 88, 65499.34);
INSERT INTO SAN_PHAM (ID_SP, TEN_SP, ID_LOAI, GIA_BAN) VALUES (39, 'Táo Mỹ', 58, 312061.36);
INSERT INTO SAN_PHAM (ID_SP, TEN_SP, ID_LOAI, GIA_BAN) VALUES (40, 'Cà phê Trung Nguyên', 13, 45834.29);
INSERT INTO SAN_PHAM (ID_SP, TEN_SP, ID_LOAI, GIA_BAN) VALUES (41, 'Bánh mì tươi', 32, 10949.1);
INSERT INTO SAN_PHAM (ID_SP, TEN_SP, ID_LOAI, GIA_BAN) VALUES (42, 'Thịt bò Úc', 6, 99457.27);
INSERT INTO SAN_PHAM (ID_SP, TEN_SP, ID_LOAI, GIA_BAN) VALUES (43, 'Cà phê Trung Nguyên', 50, 379374.01);
INSERT INTO SAN_PHAM (ID_SP, TEN_SP, ID_LOAI, GIA_BAN) VALUES (44, 'Gạo ST25', 3, 331521.43);
INSERT INTO SAN_PHAM (ID_SP, TEN_SP, ID_LOAI, GIA_BAN) VALUES (45, 'Trứng gà ta', 41, 493867.41);
INSERT INTO SAN_PHAM (ID_SP, TEN_SP, ID_LOAI, GIA_BAN) VALUES (46, 'Sữa tươi Vinamilk', 18, 38642.5);
INSERT INTO SAN_PHAM (ID_SP, TEN_SP, ID_LOAI, GIA_BAN) VALUES (47, 'Rau cải xanh', 17, 150777.9);
INSERT INTO SAN_PHAM (ID_SP, TEN_SP, ID_LOAI, GIA_BAN) VALUES (48, 'Cà phê Trung Nguyên', 61, 441820.3);
INSERT INTO SAN_PHAM (ID_SP, TEN_SP, ID_LOAI, GIA_BAN) VALUES (49, 'Gạo ST25', 68, 157432.29);
INSERT INTO SAN_PHAM (ID_SP, TEN_SP, ID_LOAI, GIA_BAN) VALUES (50, 'Cá hồi Nauy', 86, 365343.44);
INSERT INTO SAN_PHAM (ID_SP, TEN_SP, ID_LOAI, GIA_BAN) VALUES (51, 'Bánh mì tươi', 31, 468555.55);
INSERT INTO SAN_PHAM (ID_SP, TEN_SP, ID_LOAI, GIA_BAN) VALUES (52, 'Cá hồi Nauy', 60, 121741.19);
INSERT INTO SAN_PHAM (ID_SP, TEN_SP, ID_LOAI, GIA_BAN) VALUES (53, 'Thịt bò Úc', 96, 405986.33);
INSERT INTO SAN_PHAM (ID_SP, TEN_SP, ID_LOAI, GIA_BAN) VALUES (54, 'Cà phê Trung Nguyên', 84, 298928.26);
INSERT INTO SAN_PHAM (ID_SP, TEN_SP, ID_LOAI, GIA_BAN) VALUES (55, 'Rau cải xanh', 72, 354113.68);
INSERT INTO SAN_PHAM (ID_SP, TEN_SP, ID_LOAI, GIA_BAN) VALUES (56, 'Rau cải xanh', 63, 492550.43);
INSERT INTO SAN_PHAM (ID_SP, TEN_SP, ID_LOAI, GIA_BAN) VALUES (57, 'Gạo ST25', 88, 114475.86);
INSERT INTO SAN_PHAM (ID_SP, TEN_SP, ID_LOAI, GIA_BAN) VALUES (58, 'Nước ngọt Coca-Cola', 48, 442575.68);
INSERT INTO SAN_PHAM (ID_SP, TEN_SP, ID_LOAI, GIA_BAN) VALUES (59, 'Táo Mỹ', 37, 322769.11);
INSERT INTO SAN_PHAM (ID_SP, TEN_SP, ID_LOAI, GIA_BAN) VALUES (60, 'Trứng gà ta', 56, 287813.78);
INSERT INTO SAN_PHAM (ID_SP, TEN_SP, ID_LOAI, GIA_BAN) VALUES (61, 'Táo Mỹ', 62, 426987.9);
INSERT INTO SAN_PHAM (ID_SP, TEN_SP, ID_LOAI, GIA_BAN) VALUES (62, 'Rau cải xanh', 24, 414873.38);
INSERT INTO SAN_PHAM (ID_SP, TEN_SP, ID_LOAI, GIA_BAN) VALUES (63, 'Cá hồi Nauy', 21, 365006.7);
INSERT INTO SAN_PHAM (ID_SP, TEN_SP, ID_LOAI, GIA_BAN) VALUES (64, 'Rau cải xanh', 98, 308016.33);
INSERT INTO SAN_PHAM (ID_SP, TEN_SP, ID_LOAI, GIA_BAN) VALUES (65, 'Cà phê Trung Nguyên', 50, 369074.19);
INSERT INTO SAN_PHAM (ID_SP, TEN_SP, ID_LOAI, GIA_BAN) VALUES (66, 'Thịt bò Úc', 21, 38534.96);
INSERT INTO SAN_PHAM (ID_SP, TEN_SP, ID_LOAI, GIA_BAN) VALUES (67, 'Thịt bò Úc', 72, 365160.26);
INSERT INTO SAN_PHAM (ID_SP, TEN_SP, ID_LOAI, GIA_BAN) VALUES (68, 'Trứng gà ta', 13, 438798.07);
INSERT INTO SAN_PHAM (ID_SP, TEN_SP, ID_LOAI, GIA_BAN) VALUES (69, 'Cà phê Trung Nguyên', 22, 121177.37);
INSERT INTO SAN_PHAM (ID_SP, TEN_SP, ID_LOAI, GIA_BAN) VALUES (70, 'Gạo ST25', 49, 407390.63);
INSERT INTO SAN_PHAM (ID_SP, TEN_SP, ID_LOAI, GIA_BAN) VALUES (71, 'Cá hồi Nauy', 68, 376368.1);
INSERT INTO SAN_PHAM (ID_SP, TEN_SP, ID_LOAI, GIA_BAN) VALUES (72, 'Rau cải xanh', 10, 68572.72);
INSERT INTO SAN_PHAM (ID_SP, TEN_SP, ID_LOAI, GIA_BAN) VALUES (73, 'Trứng gà ta', 10, 139347.58);
INSERT INTO SAN_PHAM (ID_SP, TEN_SP, ID_LOAI, GIA_BAN) VALUES (74, 'Nước ngọt Coca-Cola', 47, 232622.04);
INSERT INTO SAN_PHAM (ID_SP, TEN_SP, ID_LOAI, GIA_BAN) VALUES (75, 'Táo Mỹ', 76, 159033.11);
INSERT INTO SAN_PHAM (ID_SP, TEN_SP, ID_LOAI, GIA_BAN) VALUES (76, 'Trứng gà ta', 66, 278003.13);
INSERT INTO SAN_PHAM (ID_SP, TEN_SP, ID_LOAI, GIA_BAN) VALUES (77, 'Cá hồi Nauy', 76, 450229.55);
INSERT INTO SAN_PHAM (ID_SP, TEN_SP, ID_LOAI, GIA_BAN) VALUES (78, 'Táo Mỹ', 33, 110505.26);
INSERT INTO SAN_PHAM (ID_SP, TEN_SP, ID_LOAI, GIA_BAN) VALUES (79, 'Trứng gà ta', 56, 313697.53);
INSERT INTO SAN_PHAM (ID_SP, TEN_SP, ID_LOAI, GIA_BAN) VALUES (80, 'Cà phê Trung Nguyên', 42, 11964.41);
INSERT INTO SAN_PHAM (ID_SP, TEN_SP, ID_LOAI, GIA_BAN) VALUES (81, 'Táo Mỹ', 60, 197767.01);
INSERT INTO SAN_PHAM (ID_SP, TEN_SP, ID_LOAI, GIA_BAN) VALUES (82, 'Cà phê Trung Nguyên', 27, 35366.16);
INSERT INTO SAN_PHAM (ID_SP, TEN_SP, ID_LOAI, GIA_BAN) VALUES (83, 'Cá hồi Nauy', 24, 124529.4);
INSERT INTO SAN_PHAM (ID_SP, TEN_SP, ID_LOAI, GIA_BAN) VALUES (84, 'Cà phê Trung Nguyên', 47, 206065.27);
INSERT INTO SAN_PHAM (ID_SP, TEN_SP, ID_LOAI, GIA_BAN) VALUES (85, 'Nước ngọt Coca-Cola', 20, 53963.55);
INSERT INTO SAN_PHAM (ID_SP, TEN_SP, ID_LOAI, GIA_BAN) VALUES (86, 'Thịt bò Úc', 12, 6254.95);
INSERT INTO SAN_PHAM (ID_SP, TEN_SP, ID_LOAI, GIA_BAN) VALUES (87, 'Gạo ST25', 1, 144929.11);
INSERT INTO SAN_PHAM (ID_SP, TEN_SP, ID_LOAI, GIA_BAN) VALUES (88, 'Bánh mì tươi', 29, 437534.55);
INSERT INTO SAN_PHAM (ID_SP, TEN_SP, ID_LOAI, GIA_BAN) VALUES (89, 'Bánh mì tươi', 29, 469721.44);
INSERT INTO SAN_PHAM (ID_SP, TEN_SP, ID_LOAI, GIA_BAN) VALUES (90, 'Cá hồi Nauy', 7, 382785.88);
INSERT INTO SAN_PHAM (ID_SP, TEN_SP, ID_LOAI, GIA_BAN) VALUES (91, 'Cá hồi Nauy', 78, 162027.68);
INSERT INTO SAN_PHAM (ID_SP, TEN_SP, ID_LOAI, GIA_BAN) VALUES (92, 'Gạo ST25', 69, 225602.59);
INSERT INTO SAN_PHAM (ID_SP, TEN_SP, ID_LOAI, GIA_BAN) VALUES (93, 'Táo Mỹ', 20, 227813.01);
INSERT INTO SAN_PHAM (ID_SP, TEN_SP, ID_LOAI, GIA_BAN) VALUES (94, 'Nước ngọt Coca-Cola', 62, 438666.65);
INSERT INTO SAN_PHAM (ID_SP, TEN_SP, ID_LOAI, GIA_BAN) VALUES (95, 'Cà phê Trung Nguyên', 76, 470058.23);
INSERT INTO SAN_PHAM (ID_SP, TEN_SP, ID_LOAI, GIA_BAN) VALUES (96, 'Gạo ST25', 6, 455861.18);
INSERT INTO SAN_PHAM (ID_SP, TEN_SP, ID_LOAI, GIA_BAN) VALUES (97, 'Nước ngọt Coca-Cola', 34, 259983.33);
INSERT INTO SAN_PHAM (ID_SP, TEN_SP, ID_LOAI, GIA_BAN) VALUES (98, 'Sữa tươi Vinamilk', 29, 235541.33);
INSERT INTO SAN_PHAM (ID_SP, TEN_SP, ID_LOAI, GIA_BAN) VALUES (99, 'Gạo ST25', 24, 148306.58);
INSERT INTO SAN_PHAM (ID_SP, TEN_SP, ID_LOAI, GIA_BAN) VALUES (100, 'Nước ngọt Coca-Cola', 82, 417039.63);

-- INSERT cho bảng PHIEU_NHAP
INSERT INTO PHIEU_NHAP (ID_PN, ID_NV, ID_NCC, NGAY_NHAP, TONG_TIEN) VALUES (1, 24, 94, '2024-02-22 00:00:00', 2087252.72);
INSERT INTO PHIEU_NHAP (ID_PN, ID_NV, ID_NCC, NGAY_NHAP, TONG_TIEN) VALUES (2, 50, 79, '2024-09-07 00:00:00', 1463184.58);
INSERT INTO PHIEU_NHAP (ID_PN, ID_NV, ID_NCC, NGAY_NHAP, TONG_TIEN) VALUES (3, 1, 8, '2024-08-25 00:00:00', 2850784.66);
INSERT INTO PHIEU_NHAP (ID_PN, ID_NV, ID_NCC, NGAY_NHAP, TONG_TIEN) VALUES (4, 65, 83, '2024-06-26 00:00:00', 3991893.04);
INSERT INTO PHIEU_NHAP (ID_PN, ID_NV, ID_NCC, NGAY_NHAP, TONG_TIEN) VALUES (5, 47, 47, '2024-07-12 00:00:00', 4967746.01);
INSERT INTO PHIEU_NHAP (ID_PN, ID_NV, ID_NCC, NGAY_NHAP, TONG_TIEN) VALUES (6, 46, 21, '2024-04-09 00:00:00', 150155.82);
INSERT INTO PHIEU_NHAP (ID_PN, ID_NV, ID_NCC, NGAY_NHAP, TONG_TIEN) VALUES (7, 24, 28, '2025-01-03 00:00:00', 4474397.63);
INSERT INTO PHIEU_NHAP (ID_PN, ID_NV, ID_NCC, NGAY_NHAP, TONG_TIEN) VALUES (8, 93, 94, '2024-06-29 00:00:00', 4814374.78);
INSERT INTO PHIEU_NHAP (ID_PN, ID_NV, ID_NCC, NGAY_NHAP, TONG_TIEN) VALUES (9, 13, 63, '2024-04-07 00:00:00', 1195869.92);
INSERT INTO PHIEU_NHAP (ID_PN, ID_NV, ID_NCC, NGAY_NHAP, TONG_TIEN) VALUES (10, 96, 46, '2024-08-18 00:00:00', 241528.73);
INSERT INTO PHIEU_NHAP (ID_PN, ID_NV, ID_NCC, NGAY_NHAP, TONG_TIEN) VALUES (11, 11, 74, '2024-08-04 00:00:00', 4594531.64);
INSERT INTO PHIEU_NHAP (ID_PN, ID_NV, ID_NCC, NGAY_NHAP, TONG_TIEN) VALUES (12, 57, 82, '2024-03-17 00:00:00', 3809323.72);
INSERT INTO PHIEU_NHAP (ID_PN, ID_NV, ID_NCC, NGAY_NHAP, TONG_TIEN) VALUES (13, 59, 44, '2024-06-06 00:00:00', 3605481.71);
INSERT INTO PHIEU_NHAP (ID_PN, ID_NV, ID_NCC, NGAY_NHAP, TONG_TIEN) VALUES (14, 11, 75, '2024-03-21 00:00:00', 3984103.87);
INSERT INTO PHIEU_NHAP (ID_PN, ID_NV, ID_NCC, NGAY_NHAP, TONG_TIEN) VALUES (15, 50, 34, '2025-02-23 00:00:00', 3704749.12);
INSERT INTO PHIEU_NHAP (ID_PN, ID_NV, ID_NCC, NGAY_NHAP, TONG_TIEN) VALUES (16, 83, 56, '2024-03-15 00:00:00', 1095935.72);
INSERT INTO PHIEU_NHAP (ID_PN, ID_NV, ID_NCC, NGAY_NHAP, TONG_TIEN) VALUES (17, 40, 56, '2025-01-21 00:00:00', 756917.47);
INSERT INTO PHIEU_NHAP (ID_PN, ID_NV, ID_NCC, NGAY_NHAP, TONG_TIEN) VALUES (18, 50, 53, '2024-04-12 00:00:00', 1262581.41);
INSERT INTO PHIEU_NHAP (ID_PN, ID_NV, ID_NCC, NGAY_NHAP, TONG_TIEN) VALUES (19, 30, 56, '2024-07-22 00:00:00', 4104090.51);
INSERT INTO PHIEU_NHAP (ID_PN, ID_NV, ID_NCC, NGAY_NHAP, TONG_TIEN) VALUES (20, 77, 90, '2024-05-05 00:00:00', 2647199.0);
INSERT INTO PHIEU_NHAP (ID_PN, ID_NV, ID_NCC, NGAY_NHAP, TONG_TIEN) VALUES (21, 82, 27, '2024-12-21 00:00:00', 3869924.88);
INSERT INTO PHIEU_NHAP (ID_PN, ID_NV, ID_NCC, NGAY_NHAP, TONG_TIEN) VALUES (22, 50, 45, '2024-01-17 00:00:00', 4325374.74);
INSERT INTO PHIEU_NHAP (ID_PN, ID_NV, ID_NCC, NGAY_NHAP, TONG_TIEN) VALUES (23, 96, 41, '2024-10-08 00:00:00', 3922346.52);
INSERT INTO PHIEU_NHAP (ID_PN, ID_NV, ID_NCC, NGAY_NHAP, TONG_TIEN) VALUES (24, 32, 56, '2024-05-02 00:00:00', 4210552.75);
INSERT INTO PHIEU_NHAP (ID_PN, ID_NV, ID_NCC, NGAY_NHAP, TONG_TIEN) VALUES (25, 93, 8, '2024-09-10 00:00:00', 1798559.18);
INSERT INTO PHIEU_NHAP (ID_PN, ID_NV, ID_NCC, NGAY_NHAP, TONG_TIEN) VALUES (26, 76, 4, '2024-05-01 00:00:00', 1740611.1);
INSERT INTO PHIEU_NHAP (ID_PN, ID_NV, ID_NCC, NGAY_NHAP, TONG_TIEN) VALUES (27, 55, 37, '2024-09-16 00:00:00', 3601022.22);
INSERT INTO PHIEU_NHAP (ID_PN, ID_NV, ID_NCC, NGAY_NHAP, TONG_TIEN) VALUES (28, 68, 99, '2024-10-08 00:00:00', 1510030.27);
INSERT INTO PHIEU_NHAP (ID_PN, ID_NV, ID_NCC, NGAY_NHAP, TONG_TIEN) VALUES (29, 13, 42, '2024-10-05 00:00:00', 2749100.12);
INSERT INTO PHIEU_NHAP (ID_PN, ID_NV, ID_NCC, NGAY_NHAP, TONG_TIEN) VALUES (30, 9, 66, '2024-09-29 00:00:00', 4966037.64);
INSERT INTO PHIEU_NHAP (ID_PN, ID_NV, ID_NCC, NGAY_NHAP, TONG_TIEN) VALUES (31, 7, 23, '2025-02-10 00:00:00', 1404842.17);
INSERT INTO PHIEU_NHAP (ID_PN, ID_NV, ID_NCC, NGAY_NHAP, TONG_TIEN) VALUES (32, 5, 100, '2024-09-26 00:00:00', 2164518.71);
INSERT INTO PHIEU_NHAP (ID_PN, ID_NV, ID_NCC, NGAY_NHAP, TONG_TIEN) VALUES (33, 10, 96, '2024-09-29 00:00:00', 158317.52);
INSERT INTO PHIEU_NHAP (ID_PN, ID_NV, ID_NCC, NGAY_NHAP, TONG_TIEN) VALUES (34, 35, 95, '2024-02-10 00:00:00', 2647448.16);
INSERT INTO PHIEU_NHAP (ID_PN, ID_NV, ID_NCC, NGAY_NHAP, TONG_TIEN) VALUES (35, 30, 49, '2024-10-06 00:00:00', 4017469.67);
INSERT INTO PHIEU_NHAP (ID_PN, ID_NV, ID_NCC, NGAY_NHAP, TONG_TIEN) VALUES (36, 69, 61, '2024-09-18 00:00:00', 115182.95);
INSERT INTO PHIEU_NHAP (ID_PN, ID_NV, ID_NCC, NGAY_NHAP, TONG_TIEN) VALUES (37, 52, 80, '2025-02-10 00:00:00', 1567393.82);
INSERT INTO PHIEU_NHAP (ID_PN, ID_NV, ID_NCC, NGAY_NHAP, TONG_TIEN) VALUES (38, 53, 91, '2025-01-22 00:00:00', 286755.24);
INSERT INTO PHIEU_NHAP (ID_PN, ID_NV, ID_NCC, NGAY_NHAP, TONG_TIEN) VALUES (39, 62, 3, '2024-03-15 00:00:00', 3642188.16);
INSERT INTO PHIEU_NHAP (ID_PN, ID_NV, ID_NCC, NGAY_NHAP, TONG_TIEN) VALUES (40, 67, 25, '2024-10-24 00:00:00', 1423889.43);
INSERT INTO PHIEU_NHAP (ID_PN, ID_NV, ID_NCC, NGAY_NHAP, TONG_TIEN) VALUES (41, 76, 10, '2024-01-07 00:00:00', 1361289.05);
INSERT INTO PHIEU_NHAP (ID_PN, ID_NV, ID_NCC, NGAY_NHAP, TONG_TIEN) VALUES (42, 88, 9, '2024-09-21 00:00:00', 3927882.8);
INSERT INTO PHIEU_NHAP (ID_PN, ID_NV, ID_NCC, NGAY_NHAP, TONG_TIEN) VALUES (43, 49, 7, '2024-10-10 00:00:00', 930672.97);
INSERT INTO PHIEU_NHAP (ID_PN, ID_NV, ID_NCC, NGAY_NHAP, TONG_TIEN) VALUES (44, 21, 43, '2024-06-03 00:00:00', 195362.2);
INSERT INTO PHIEU_NHAP (ID_PN, ID_NV, ID_NCC, NGAY_NHAP, TONG_TIEN) VALUES (45, 5, 31, '2024-06-15 00:00:00', 1565634.01);
INSERT INTO PHIEU_NHAP (ID_PN, ID_NV, ID_NCC, NGAY_NHAP, TONG_TIEN) VALUES (46, 1, 10, '2024-07-24 00:00:00', 4829740.22);
INSERT INTO PHIEU_NHAP (ID_PN, ID_NV, ID_NCC, NGAY_NHAP, TONG_TIEN) VALUES (47, 40, 8, '2024-07-22 00:00:00', 191230.96);
INSERT INTO PHIEU_NHAP (ID_PN, ID_NV, ID_NCC, NGAY_NHAP, TONG_TIEN) VALUES (48, 81, 69, '2024-08-09 00:00:00', 607955.8);
INSERT INTO PHIEU_NHAP (ID_PN, ID_NV, ID_NCC, NGAY_NHAP, TONG_TIEN) VALUES (49, 19, 16, '2024-01-20 00:00:00', 3820541.38);
INSERT INTO PHIEU_NHAP (ID_PN, ID_NV, ID_NCC, NGAY_NHAP, TONG_TIEN) VALUES (50, 37, 65, '2025-02-22 00:00:00', 2286553.06);
INSERT INTO PHIEU_NHAP (ID_PN, ID_NV, ID_NCC, NGAY_NHAP, TONG_TIEN) VALUES (51, 94, 41, '2024-08-04 00:00:00', 4880282.21);
INSERT INTO PHIEU_NHAP (ID_PN, ID_NV, ID_NCC, NGAY_NHAP, TONG_TIEN) VALUES (52, 85, 35, '2024-01-18 00:00:00', 2846838.04);
INSERT INTO PHIEU_NHAP (ID_PN, ID_NV, ID_NCC, NGAY_NHAP, TONG_TIEN) VALUES (53, 42, 99, '2024-06-14 00:00:00', 2223262.65);
INSERT INTO PHIEU_NHAP (ID_PN, ID_NV, ID_NCC, NGAY_NHAP, TONG_TIEN) VALUES (54, 52, 43, '2024-08-26 00:00:00', 1631309.76);
INSERT INTO PHIEU_NHAP (ID_PN, ID_NV, ID_NCC, NGAY_NHAP, TONG_TIEN) VALUES (55, 90, 94, '2025-02-15 00:00:00', 4092594.74);
INSERT INTO PHIEU_NHAP (ID_PN, ID_NV, ID_NCC, NGAY_NHAP, TONG_TIEN) VALUES (56, 73, 85, '2024-08-18 00:00:00', 3979454.46);
INSERT INTO PHIEU_NHAP (ID_PN, ID_NV, ID_NCC, NGAY_NHAP, TONG_TIEN) VALUES (57, 94, 44, '2024-06-25 00:00:00', 124020.78);
INSERT INTO PHIEU_NHAP (ID_PN, ID_NV, ID_NCC, NGAY_NHAP, TONG_TIEN) VALUES (58, 17, 22, '2024-11-15 00:00:00', 4758684.27);
INSERT INTO PHIEU_NHAP (ID_PN, ID_NV, ID_NCC, NGAY_NHAP, TONG_TIEN) VALUES (59, 100, 86, '2025-02-17 00:00:00', 2810205.52);
INSERT INTO PHIEU_NHAP (ID_PN, ID_NV, ID_NCC, NGAY_NHAP, TONG_TIEN) VALUES (60, 65, 46, '2024-12-15 00:00:00', 1350987.33);
INSERT INTO PHIEU_NHAP (ID_PN, ID_NV, ID_NCC, NGAY_NHAP, TONG_TIEN) VALUES (61, 23, 21, '2025-01-25 00:00:00', 1797095.39);
INSERT INTO PHIEU_NHAP (ID_PN, ID_NV, ID_NCC, NGAY_NHAP, TONG_TIEN) VALUES (62, 74, 56, '2024-08-01 00:00:00', 849849.68);
INSERT INTO PHIEU_NHAP (ID_PN, ID_NV, ID_NCC, NGAY_NHAP, TONG_TIEN) VALUES (63, 33, 93, '2024-11-16 00:00:00', 1192243.05);
INSERT INTO PHIEU_NHAP (ID_PN, ID_NV, ID_NCC, NGAY_NHAP, TONG_TIEN) VALUES (64, 80, 50, '2024-08-05 00:00:00', 4480567.11);
INSERT INTO PHIEU_NHAP (ID_PN, ID_NV, ID_NCC, NGAY_NHAP, TONG_TIEN) VALUES (65, 84, 47, '2024-03-07 00:00:00', 755376.0);
INSERT INTO PHIEU_NHAP (ID_PN, ID_NV, ID_NCC, NGAY_NHAP, TONG_TIEN) VALUES (66, 21, 4, '2024-10-07 00:00:00', 410194.82);
INSERT INTO PHIEU_NHAP (ID_PN, ID_NV, ID_NCC, NGAY_NHAP, TONG_TIEN) VALUES (67, 82, 23, '2024-04-12 00:00:00', 2684680.34);
INSERT INTO PHIEU_NHAP (ID_PN, ID_NV, ID_NCC, NGAY_NHAP, TONG_TIEN) VALUES (68, 53, 65, '2024-08-15 00:00:00', 1560642.44);
INSERT INTO PHIEU_NHAP (ID_PN, ID_NV, ID_NCC, NGAY_NHAP, TONG_TIEN) VALUES (69, 30, 49, '2024-08-15 00:00:00', 2974945.68);
INSERT INTO PHIEU_NHAP (ID_PN, ID_NV, ID_NCC, NGAY_NHAP, TONG_TIEN) VALUES (70, 78, 61, '2024-11-04 00:00:00', 3389808.84);
INSERT INTO PHIEU_NHAP (ID_PN, ID_NV, ID_NCC, NGAY_NHAP, TONG_TIEN) VALUES (71, 80, 99, '2024-10-07 00:00:00', 3882493.46);
INSERT INTO PHIEU_NHAP (ID_PN, ID_NV, ID_NCC, NGAY_NHAP, TONG_TIEN) VALUES (72, 78, 37, '2024-12-16 00:00:00', 2432557.13);
INSERT INTO PHIEU_NHAP (ID_PN, ID_NV, ID_NCC, NGAY_NHAP, TONG_TIEN) VALUES (73, 44, 55, '2024-07-16 00:00:00', 1399461.35);
INSERT INTO PHIEU_NHAP (ID_PN, ID_NV, ID_NCC, NGAY_NHAP, TONG_TIEN) VALUES (74, 55, 54, '2025-01-06 00:00:00', 1100381.08);
INSERT INTO PHIEU_NHAP (ID_PN, ID_NV, ID_NCC, NGAY_NHAP, TONG_TIEN) VALUES (75, 80, 61, '2024-10-23 00:00:00', 4574337.71);
INSERT INTO PHIEU_NHAP (ID_PN, ID_NV, ID_NCC, NGAY_NHAP, TONG_TIEN) VALUES (76, 25, 6, '2024-01-18 00:00:00', 1742429.88);
INSERT INTO PHIEU_NHAP (ID_PN, ID_NV, ID_NCC, NGAY_NHAP, TONG_TIEN) VALUES (77, 33, 14, '2024-05-19 00:00:00', 4512325.39);
INSERT INTO PHIEU_NHAP (ID_PN, ID_NV, ID_NCC, NGAY_NHAP, TONG_TIEN) VALUES (78, 77, 6, '2025-02-03 00:00:00', 3299828.32);
INSERT INTO PHIEU_NHAP (ID_PN, ID_NV, ID_NCC, NGAY_NHAP, TONG_TIEN) VALUES (79, 83, 87, '2024-03-24 00:00:00', 4735185.47);
INSERT INTO PHIEU_NHAP (ID_PN, ID_NV, ID_NCC, NGAY_NHAP, TONG_TIEN) VALUES (80, 46, 43, '2024-07-11 00:00:00', 216236.84);
INSERT INTO PHIEU_NHAP (ID_PN, ID_NV, ID_NCC, NGAY_NHAP, TONG_TIEN) VALUES (81, 24, 33, '2024-10-22 00:00:00', 3515503.58);
INSERT INTO PHIEU_NHAP (ID_PN, ID_NV, ID_NCC, NGAY_NHAP, TONG_TIEN) VALUES (82, 42, 19, '2024-12-17 00:00:00', 4225787.35);
INSERT INTO PHIEU_NHAP (ID_PN, ID_NV, ID_NCC, NGAY_NHAP, TONG_TIEN) VALUES (83, 87, 45, '2024-05-11 00:00:00', 4235337.33);
INSERT INTO PHIEU_NHAP (ID_PN, ID_NV, ID_NCC, NGAY_NHAP, TONG_TIEN) VALUES (84, 11, 13, '2024-08-04 00:00:00', 4484798.15);
INSERT INTO PHIEU_NHAP (ID_PN, ID_NV, ID_NCC, NGAY_NHAP, TONG_TIEN) VALUES (85, 62, 56, '2024-05-21 00:00:00', 1982179.9);
INSERT INTO PHIEU_NHAP (ID_PN, ID_NV, ID_NCC, NGAY_NHAP, TONG_TIEN) VALUES (86, 50, 32, '2024-04-25 00:00:00', 988289.22);
INSERT INTO PHIEU_NHAP (ID_PN, ID_NV, ID_NCC, NGAY_NHAP, TONG_TIEN) VALUES (87, 34, 6, '2024-11-04 00:00:00', 3544824.13);
INSERT INTO PHIEU_NHAP (ID_PN, ID_NV, ID_NCC, NGAY_NHAP, TONG_TIEN) VALUES (88, 25, 96, '2024-05-13 00:00:00', 4327342.16);
INSERT INTO PHIEU_NHAP (ID_PN, ID_NV, ID_NCC, NGAY_NHAP, TONG_TIEN) VALUES (89, 19, 7, '2024-08-15 00:00:00', 1776958.22);
INSERT INTO PHIEU_NHAP (ID_PN, ID_NV, ID_NCC, NGAY_NHAP, TONG_TIEN) VALUES (90, 13, 39, '2024-12-08 00:00:00', 196493.9);
INSERT INTO PHIEU_NHAP (ID_PN, ID_NV, ID_NCC, NGAY_NHAP, TONG_TIEN) VALUES (91, 42, 9, '2024-10-15 00:00:00', 310505.38);
INSERT INTO PHIEU_NHAP (ID_PN, ID_NV, ID_NCC, NGAY_NHAP, TONG_TIEN) VALUES (92, 20, 89, '2025-01-12 00:00:00', 1267311.97);
INSERT INTO PHIEU_NHAP (ID_PN, ID_NV, ID_NCC, NGAY_NHAP, TONG_TIEN) VALUES (93, 25, 86, '2024-11-21 00:00:00', 856821.37);
INSERT INTO PHIEU_NHAP (ID_PN, ID_NV, ID_NCC, NGAY_NHAP, TONG_TIEN) VALUES (94, 98, 82, '2024-02-04 00:00:00', 3561171.15);
INSERT INTO PHIEU_NHAP (ID_PN, ID_NV, ID_NCC, NGAY_NHAP, TONG_TIEN) VALUES (95, 78, 87, '2024-09-17 00:00:00', 4947365.34);
INSERT INTO PHIEU_NHAP (ID_PN, ID_NV, ID_NCC, NGAY_NHAP, TONG_TIEN) VALUES (96, 63, 85, '2024-01-17 00:00:00', 3054282.03);
INSERT INTO PHIEU_NHAP (ID_PN, ID_NV, ID_NCC, NGAY_NHAP, TONG_TIEN) VALUES (97, 62, 14, '2024-08-31 00:00:00', 2638832.93);
INSERT INTO PHIEU_NHAP (ID_PN, ID_NV, ID_NCC, NGAY_NHAP, TONG_TIEN) VALUES (98, 41, 21, '2025-02-07 00:00:00', 3955145.37);
INSERT INTO PHIEU_NHAP (ID_PN, ID_NV, ID_NCC, NGAY_NHAP, TONG_TIEN) VALUES (99, 84, 11, '2024-09-25 00:00:00', 4801636.4);
INSERT INTO PHIEU_NHAP (ID_PN, ID_NV, ID_NCC, NGAY_NHAP, TONG_TIEN) VALUES (100, 78, 5, '2025-02-02 00:00:00', 1128948.08);

-- INSERT cho bảng HOA_DON
INSERT INTO HOA_DON (ID_HD, ID_NV, ID_KH, NGAY_LAP, TONG_TIEN) VALUES (1, 60, 24, '2024-03-21 00:00:00', 4207892.99);
INSERT INTO HOA_DON (ID_HD, ID_NV, ID_KH, NGAY_LAP, TONG_TIEN) VALUES (2, 42, 7, '2024-08-25 00:00:00', 2906867.57);
INSERT INTO HOA_DON (ID_HD, ID_NV, ID_KH, NGAY_LAP, TONG_TIEN) VALUES (3, 59, 56, '2024-03-24 00:00:00', 3509933.36);
INSERT INTO HOA_DON (ID_HD, ID_NV, ID_KH, NGAY_LAP, TONG_TIEN) VALUES (4, 22, 60, '2025-02-24 00:00:00', 4709519.81);
INSERT INTO HOA_DON (ID_HD, ID_NV, ID_KH, NGAY_LAP, TONG_TIEN) VALUES (5, 2, 29, '2024-05-20 00:00:00', 2536059.97);
INSERT INTO HOA_DON (ID_HD, ID_NV, ID_KH, NGAY_LAP, TONG_TIEN) VALUES (6, 21, 88, '2024-08-06 00:00:00', 1890742.92);
INSERT INTO HOA_DON (ID_HD, ID_NV, ID_KH, NGAY_LAP, TONG_TIEN) VALUES (7, 88, 49, '2024-05-06 00:00:00', 1931761.38);
INSERT INTO HOA_DON (ID_HD, ID_NV, ID_KH, NGAY_LAP, TONG_TIEN) VALUES (8, 24, 45, '2024-10-12 00:00:00', 3764579.84);
INSERT INTO HOA_DON (ID_HD, ID_NV, ID_KH, NGAY_LAP, TONG_TIEN) VALUES (9, 31, 28, '2025-01-30 00:00:00', 545462.5);
INSERT INTO HOA_DON (ID_HD, ID_NV, ID_KH, NGAY_LAP, TONG_TIEN) VALUES (10, 82, 51, '2024-05-08 00:00:00', 3764094.19);
INSERT INTO HOA_DON (ID_HD, ID_NV, ID_KH, NGAY_LAP, TONG_TIEN) VALUES (11, 43, 3, '2024-11-28 00:00:00', 643327.14);
INSERT INTO HOA_DON (ID_HD, ID_NV, ID_KH, NGAY_LAP, TONG_TIEN) VALUES (12, 47, 91, '2024-06-01 00:00:00', 4772340.58);
INSERT INTO HOA_DON (ID_HD, ID_NV, ID_KH, NGAY_LAP, TONG_TIEN) VALUES (13, 86, 37, '2024-10-24 00:00:00', 4758280.29);
INSERT INTO HOA_DON (ID_HD, ID_NV, ID_KH, NGAY_LAP, TONG_TIEN) VALUES (14, 29, 32, '2024-04-10 00:00:00', 632022.83);
INSERT INTO HOA_DON (ID_HD, ID_NV, ID_KH, NGAY_LAP, TONG_TIEN) VALUES (15, 30, 6, '2024-10-19 00:00:00', 541109.4);
INSERT INTO HOA_DON (ID_HD, ID_NV, ID_KH, NGAY_LAP, TONG_TIEN) VALUES (16, 52, 26, '2024-09-06 00:00:00', 3037980.61);
INSERT INTO HOA_DON (ID_HD, ID_NV, ID_KH, NGAY_LAP, TONG_TIEN) VALUES (17, 98, 65, '2025-01-02 00:00:00', 1316976.36);
INSERT INTO HOA_DON (ID_HD, ID_NV, ID_KH, NGAY_LAP, TONG_TIEN) VALUES (18, 91, 68, '2025-01-11 00:00:00', 895486.62);
INSERT INTO HOA_DON (ID_HD, ID_NV, ID_KH, NGAY_LAP, TONG_TIEN) VALUES (19, 47, 88, '2024-03-22 00:00:00', 3580420.42);
INSERT INTO HOA_DON (ID_HD, ID_NV, ID_KH, NGAY_LAP, TONG_TIEN) VALUES (20, 96, 22, '2024-07-31 00:00:00', 3829300.25);
INSERT INTO HOA_DON (ID_HD, ID_NV, ID_KH, NGAY_LAP, TONG_TIEN) VALUES (21, 5, 38, '2025-01-24 00:00:00', 4364087.89);
INSERT INTO HOA_DON (ID_HD, ID_NV, ID_KH, NGAY_LAP, TONG_TIEN) VALUES (22, 10, 21, '2024-03-23 00:00:00', 4880400.37);
INSERT INTO HOA_DON (ID_HD, ID_NV, ID_KH, NGAY_LAP, TONG_TIEN) VALUES (23, 66, 88, '2024-03-14 00:00:00', 1652770.07);
INSERT INTO HOA_DON (ID_HD, ID_NV, ID_KH, NGAY_LAP, TONG_TIEN) VALUES (24, 79, 8, '2024-10-09 00:00:00', 276150.92);
INSERT INTO HOA_DON (ID_HD, ID_NV, ID_KH, NGAY_LAP, TONG_TIEN) VALUES (25, 50, 39, '2025-01-01 00:00:00', 3865297.47);
INSERT INTO HOA_DON (ID_HD, ID_NV, ID_KH, NGAY_LAP, TONG_TIEN) VALUES (26, 16, 18, '2024-11-06 00:00:00', 2815311.28);
INSERT INTO HOA_DON (ID_HD, ID_NV, ID_KH, NGAY_LAP, TONG_TIEN) VALUES (27, 8, 61, '2024-07-31 00:00:00', 634238.53);
INSERT INTO HOA_DON (ID_HD, ID_NV, ID_KH, NGAY_LAP, TONG_TIEN) VALUES (28, 73, 49, '2024-06-15 00:00:00', 3301904.66);
INSERT INTO HOA_DON (ID_HD, ID_NV, ID_KH, NGAY_LAP, TONG_TIEN) VALUES (29, 48, 40, '2024-06-09 00:00:00', 4617724.61);
INSERT INTO HOA_DON (ID_HD, ID_NV, ID_KH, NGAY_LAP, TONG_TIEN) VALUES (30, 11, 7, '2025-02-28 00:00:00', 2133866.38);
INSERT INTO HOA_DON (ID_HD, ID_NV, ID_KH, NGAY_LAP, TONG_TIEN) VALUES (31, 47, 52, '2024-07-04 00:00:00', 1884403.69);
INSERT INTO HOA_DON (ID_HD, ID_NV, ID_KH, NGAY_LAP, TONG_TIEN) VALUES (32, 51, 80, '2024-10-31 00:00:00', 1855457.09);
INSERT INTO HOA_DON (ID_HD, ID_NV, ID_KH, NGAY_LAP, TONG_TIEN) VALUES (33, 15, 81, '2024-03-20 00:00:00', 3940107.61);
INSERT INTO HOA_DON (ID_HD, ID_NV, ID_KH, NGAY_LAP, TONG_TIEN) VALUES (34, 3, 14, '2024-05-22 00:00:00', 4608870.55);
INSERT INTO HOA_DON (ID_HD, ID_NV, ID_KH, NGAY_LAP, TONG_TIEN) VALUES (35, 68, 12, '2024-04-26 00:00:00', 4070441.92);
INSERT INTO HOA_DON (ID_HD, ID_NV, ID_KH, NGAY_LAP, TONG_TIEN) VALUES (36, 79, 31, '2024-07-25 00:00:00', 3448690.56);
INSERT INTO HOA_DON (ID_HD, ID_NV, ID_KH, NGAY_LAP, TONG_TIEN) VALUES (37, 1, 69, '2024-06-27 00:00:00', 4371611.12);
INSERT INTO HOA_DON (ID_HD, ID_NV, ID_KH, NGAY_LAP, TONG_TIEN) VALUES (38, 97, 25, '2024-12-12 00:00:00', 1507570.4);
INSERT INTO HOA_DON (ID_HD, ID_NV, ID_KH, NGAY_LAP, TONG_TIEN) VALUES (39, 45, 23, '2025-01-18 00:00:00', 813773.89);
INSERT INTO HOA_DON (ID_HD, ID_NV, ID_KH, NGAY_LAP, TONG_TIEN) VALUES (40, 98, 4, '2024-08-12 00:00:00', 2451737.52);
INSERT INTO HOA_DON (ID_HD, ID_NV, ID_KH, NGAY_LAP, TONG_TIEN) VALUES (41, 43, 21, '2024-02-12 00:00:00', 637899.82);
INSERT INTO HOA_DON (ID_HD, ID_NV, ID_KH, NGAY_LAP, TONG_TIEN) VALUES (42, 57, 96, '2025-02-19 00:00:00', 2735063.32);
INSERT INTO HOA_DON (ID_HD, ID_NV, ID_KH, NGAY_LAP, TONG_TIEN) VALUES (43, 37, 27, '2025-01-05 00:00:00', 1277749.93);
INSERT INTO HOA_DON (ID_HD, ID_NV, ID_KH, NGAY_LAP, TONG_TIEN) VALUES (44, 82, 47, '2024-07-10 00:00:00', 3629959.25);
INSERT INTO HOA_DON (ID_HD, ID_NV, ID_KH, NGAY_LAP, TONG_TIEN) VALUES (45, 7, 53, '2024-06-12 00:00:00', 2178948.82);
INSERT INTO HOA_DON (ID_HD, ID_NV, ID_KH, NGAY_LAP, TONG_TIEN) VALUES (46, 46, 34, '2024-07-09 00:00:00', 1235092.77);
INSERT INTO HOA_DON (ID_HD, ID_NV, ID_KH, NGAY_LAP, TONG_TIEN) VALUES (47, 82, 29, '2024-06-07 00:00:00', 3433282.39);
INSERT INTO HOA_DON (ID_HD, ID_NV, ID_KH, NGAY_LAP, TONG_TIEN) VALUES (48, 84, 29, '2024-06-18 00:00:00', 562602.47);
INSERT INTO HOA_DON (ID_HD, ID_NV, ID_KH, NGAY_LAP, TONG_TIEN) VALUES (49, 11, 30, '2024-12-03 00:00:00', 1544284.75);
INSERT INTO HOA_DON (ID_HD, ID_NV, ID_KH, NGAY_LAP, TONG_TIEN) VALUES (50, 46, 71, '2024-03-24 00:00:00', 3065276.4);
INSERT INTO HOA_DON (ID_HD, ID_NV, ID_KH, NGAY_LAP, TONG_TIEN) VALUES (51, 82, 67, '2024-08-10 00:00:00', 1051041.15);
INSERT INTO HOA_DON (ID_HD, ID_NV, ID_KH, NGAY_LAP, TONG_TIEN) VALUES (52, 19, 63, '2024-10-26 00:00:00', 3947703.04);
INSERT INTO HOA_DON (ID_HD, ID_NV, ID_KH, NGAY_LAP, TONG_TIEN) VALUES (53, 33, 18, '2025-02-19 00:00:00', 4311263.78);
INSERT INTO HOA_DON (ID_HD, ID_NV, ID_KH, NGAY_LAP, TONG_TIEN) VALUES (54, 91, 47, '2024-08-17 00:00:00', 2861304.57);
INSERT INTO HOA_DON (ID_HD, ID_NV, ID_KH, NGAY_LAP, TONG_TIEN) VALUES (55, 34, 61, '2024-06-06 00:00:00', 2643668.56);
INSERT INTO HOA_DON (ID_HD, ID_NV, ID_KH, NGAY_LAP, TONG_TIEN) VALUES (56, 50, 16, '2024-10-19 00:00:00', 2071972.29);
INSERT INTO HOA_DON (ID_HD, ID_NV, ID_KH, NGAY_LAP, TONG_TIEN) VALUES (57, 12, 59, '2024-01-14 00:00:00', 869854.5);
INSERT INTO HOA_DON (ID_HD, ID_NV, ID_KH, NGAY_LAP, TONG_TIEN) VALUES (58, 88, 82, '2024-10-15 00:00:00', 4106613.48);
INSERT INTO HOA_DON (ID_HD, ID_NV, ID_KH, NGAY_LAP, TONG_TIEN) VALUES (59, 81, 15, '2024-10-12 00:00:00', 4159860.08);
INSERT INTO HOA_DON (ID_HD, ID_NV, ID_KH, NGAY_LAP, TONG_TIEN) VALUES (60, 11, 47, '2024-03-20 00:00:00', 3045807.03);
INSERT INTO HOA_DON (ID_HD, ID_NV, ID_KH, NGAY_LAP, TONG_TIEN) VALUES (61, 46, 71, '2024-10-13 00:00:00', 4499885.16);
INSERT INTO HOA_DON (ID_HD, ID_NV, ID_KH, NGAY_LAP, TONG_TIEN) VALUES (62, 5, 53, '2024-09-16 00:00:00', 1808958.16);
INSERT INTO HOA_DON (ID_HD, ID_NV, ID_KH, NGAY_LAP, TONG_TIEN) VALUES (63, 100, 21, '2024-01-25 00:00:00', 3703287.63);
INSERT INTO HOA_DON (ID_HD, ID_NV, ID_KH, NGAY_LAP, TONG_TIEN) VALUES (64, 12, 25, '2024-08-08 00:00:00', 1631666.46);
INSERT INTO HOA_DON (ID_HD, ID_NV, ID_KH, NGAY_LAP, TONG_TIEN) VALUES (65, 12, 59, '2024-05-21 00:00:00', 580561.94);
INSERT INTO HOA_DON (ID_HD, ID_NV, ID_KH, NGAY_LAP, TONG_TIEN) VALUES (66, 65, 92, '2024-07-09 00:00:00', 1755870.12);
INSERT INTO HOA_DON (ID_HD, ID_NV, ID_KH, NGAY_LAP, TONG_TIEN) VALUES (67, 42, 42, '2024-06-17 00:00:00', 1619989.0);
INSERT INTO HOA_DON (ID_HD, ID_NV, ID_KH, NGAY_LAP, TONG_TIEN) VALUES (68, 15, 55, '2024-12-28 00:00:00', 3450520.94);
INSERT INTO HOA_DON (ID_HD, ID_NV, ID_KH, NGAY_LAP, TONG_TIEN) VALUES (69, 76, 10, '2024-11-08 00:00:00', 3682283.75);
INSERT INTO HOA_DON (ID_HD, ID_NV, ID_KH, NGAY_LAP, TONG_TIEN) VALUES (70, 81, 93, '2024-07-01 00:00:00', 2448542.32);
INSERT INTO HOA_DON (ID_HD, ID_NV, ID_KH, NGAY_LAP, TONG_TIEN) VALUES (71, 11, 59, '2024-11-11 00:00:00', 2976382.05);
INSERT INTO HOA_DON (ID_HD, ID_NV, ID_KH, NGAY_LAP, TONG_TIEN) VALUES (72, 54, 80, '2024-12-24 00:00:00', 1456872.56);
INSERT INTO HOA_DON (ID_HD, ID_NV, ID_KH, NGAY_LAP, TONG_TIEN) VALUES (73, 38, 68, '2024-02-25 00:00:00', 1414376.82);
INSERT INTO HOA_DON (ID_HD, ID_NV, ID_KH, NGAY_LAP, TONG_TIEN) VALUES (74, 52, 13, '2024-11-27 00:00:00', 4730014.37);
INSERT INTO HOA_DON (ID_HD, ID_NV, ID_KH, NGAY_LAP, TONG_TIEN) VALUES (75, 87, 76, '2024-11-18 00:00:00', 951709.46);
INSERT INTO HOA_DON (ID_HD, ID_NV, ID_KH, NGAY_LAP, TONG_TIEN) VALUES (76, 100, 63, '2024-06-08 00:00:00', 2134024.47);
INSERT INTO HOA_DON (ID_HD, ID_NV, ID_KH, NGAY_LAP, TONG_TIEN) VALUES (77, 65, 69, '2024-12-03 00:00:00', 518643.55);
INSERT INTO HOA_DON (ID_HD, ID_NV, ID_KH, NGAY_LAP, TONG_TIEN) VALUES (78, 72, 47, '2024-02-20 00:00:00', 1405152.81);
INSERT INTO HOA_DON (ID_HD, ID_NV, ID_KH, NGAY_LAP, TONG_TIEN) VALUES (79, 88, 51, '2024-11-03 00:00:00', 3433760.79);
INSERT INTO HOA_DON (ID_HD, ID_NV, ID_KH, NGAY_LAP, TONG_TIEN) VALUES (80, 13, 43, '2024-01-06 00:00:00', 2094326.16);
INSERT INTO HOA_DON (ID_HD, ID_NV, ID_KH, NGAY_LAP, TONG_TIEN) VALUES (81, 79, 40, '2024-02-03 00:00:00', 1126498.99);
INSERT INTO HOA_DON (ID_HD, ID_NV, ID_KH, NGAY_LAP, TONG_TIEN) VALUES (82, 20, 96, '2024-11-16 00:00:00', 3246958.71);
INSERT INTO HOA_DON (ID_HD, ID_NV, ID_KH, NGAY_LAP, TONG_TIEN) VALUES (83, 1, 17, '2024-07-24 00:00:00', 1723382.42);
INSERT INTO HOA_DON (ID_HD, ID_NV, ID_KH, NGAY_LAP, TONG_TIEN) VALUES (84, 65, 78, '2024-04-29 00:00:00', 4355349.47);
INSERT INTO HOA_DON (ID_HD, ID_NV, ID_KH, NGAY_LAP, TONG_TIEN) VALUES (85, 10, 3, '2025-02-09 00:00:00', 2563069.48);
INSERT INTO HOA_DON (ID_HD, ID_NV, ID_KH, NGAY_LAP, TONG_TIEN) VALUES (86, 24, 80, '2024-06-30 00:00:00', 921703.39);
INSERT INTO HOA_DON (ID_HD, ID_NV, ID_KH, NGAY_LAP, TONG_TIEN) VALUES (87, 35, 88, '2024-01-04 00:00:00', 3009693.96);
INSERT INTO HOA_DON (ID_HD, ID_NV, ID_KH, NGAY_LAP, TONG_TIEN) VALUES (88, 83, 94, '2025-01-03 00:00:00', 4044386.09);
INSERT INTO HOA_DON (ID_HD, ID_NV, ID_KH, NGAY_LAP, TONG_TIEN) VALUES (89, 75, 44, '2025-02-12 00:00:00', 1853983.31);
INSERT INTO HOA_DON (ID_HD, ID_NV, ID_KH, NGAY_LAP, TONG_TIEN) VALUES (90, 68, 3, '2024-04-15 00:00:00', 2769497.28);
INSERT INTO HOA_DON (ID_HD, ID_NV, ID_KH, NGAY_LAP, TONG_TIEN) VALUES (91, 90, 25, '2024-01-27 00:00:00', 1789966.46);
INSERT INTO HOA_DON (ID_HD, ID_NV, ID_KH, NGAY_LAP, TONG_TIEN) VALUES (92, 15, 86, '2024-05-30 00:00:00', 3198902.74);
INSERT INTO HOA_DON (ID_HD, ID_NV, ID_KH, NGAY_LAP, TONG_TIEN) VALUES (93, 90, 58, '2024-10-06 00:00:00', 1180927.01);
INSERT INTO HOA_DON (ID_HD, ID_NV, ID_KH, NGAY_LAP, TONG_TIEN) VALUES (94, 46, 45, '2025-02-20 00:00:00', 4382477.04);
INSERT INTO HOA_DON (ID_HD, ID_NV, ID_KH, NGAY_LAP, TONG_TIEN) VALUES (95, 74, 25, '2024-12-01 00:00:00', 4574986.82);
INSERT INTO HOA_DON (ID_HD, ID_NV, ID_KH, NGAY_LAP, TONG_TIEN) VALUES (96, 61, 51, '2024-01-24 00:00:00', 972923.55);
INSERT INTO HOA_DON (ID_HD, ID_NV, ID_KH, NGAY_LAP, TONG_TIEN) VALUES (97, 81, 4, '2024-03-31 00:00:00', 4272658.39);
INSERT INTO HOA_DON (ID_HD, ID_NV, ID_KH, NGAY_LAP, TONG_TIEN) VALUES (98, 25, 95, '2025-01-16 00:00:00', 857341.0);
INSERT INTO HOA_DON (ID_HD, ID_NV, ID_KH, NGAY_LAP, TONG_TIEN) VALUES (99, 17, 76, '2024-06-19 00:00:00', 684113.57);
INSERT INTO HOA_DON (ID_HD, ID_NV, ID_KH, NGAY_LAP, TONG_TIEN) VALUES (100, 59, 98, '2024-06-15 00:00:00', 3527956.75);

-- INSERT cho bảng CHI_TIET_PHIEU_NHAP
INSERT INTO CHI_TIET_PHIEU_NHAP (ID_CTPN, ID_PN, ID_SP, SO_LUONG, DON_GIA, ID_NV, ID_NCC, NGAY_NHAP, TONG_TIEN) VALUES (1, 16, 58, 8, 30458.11, 25, 20, '2025-02-14 00:00:00', 243664.88);
INSERT INTO CHI_TIET_PHIEU_NHAP (ID_CTPN, ID_PN, ID_SP, SO_LUONG, DON_GIA, ID_NV, ID_NCC, NGAY_NHAP, TONG_TIEN) VALUES (2, 5, 82, 21, 109106.11, 54, 9, '2024-05-14 00:00:00', 2291228.31);
INSERT INTO CHI_TIET_PHIEU_NHAP (ID_CTPN, ID_PN, ID_SP, SO_LUONG, DON_GIA, ID_NV, ID_NCC, NGAY_NHAP, TONG_TIEN) VALUES (3, 48, 33, 72, 430786.52, 34, 91, '2024-01-25 00:00:00', 31016629.44);
INSERT INTO CHI_TIET_PHIEU_NHAP (ID_CTPN, ID_PN, ID_SP, SO_LUONG, DON_GIA, ID_NV, ID_NCC, NGAY_NHAP, TONG_TIEN) VALUES (4, 6, 51, 95, 162134.92, 12, 58, '2025-02-07 00:00:00', 15402817.4);
INSERT INTO CHI_TIET_PHIEU_NHAP (ID_CTPN, ID_PN, ID_SP, SO_LUONG, DON_GIA, ID_NV, ID_NCC, NGAY_NHAP, TONG_TIEN) VALUES (5, 100, 69, 17, 85268.86, 29, 83, '2024-05-24 00:00:00', 1449570.62);
INSERT INTO CHI_TIET_PHIEU_NHAP (ID_CTPN, ID_PN, ID_SP, SO_LUONG, DON_GIA, ID_NV, ID_NCC, NGAY_NHAP, TONG_TIEN) VALUES (6, 85, 78, 13, 432948.99, 11, 34, '2024-02-05 00:00:00', 5628336.87);
INSERT INTO CHI_TIET_PHIEU_NHAP (ID_CTPN, ID_PN, ID_SP, SO_LUONG, DON_GIA, ID_NV, ID_NCC, NGAY_NHAP, TONG_TIEN) VALUES (7, 21, 54, 96, 127185.11, 70, 7, '2024-10-08 00:00:00', 12209770.56);
INSERT INTO CHI_TIET_PHIEU_NHAP (ID_CTPN, ID_PN, ID_SP, SO_LUONG, DON_GIA, ID_NV, ID_NCC, NGAY_NHAP, TONG_TIEN) VALUES (8, 85, 86, 70, 140320.06, 63, 46, '2024-04-16 00:00:00', 9822404.2);
INSERT INTO CHI_TIET_PHIEU_NHAP (ID_CTPN, ID_PN, ID_SP, SO_LUONG, DON_GIA, ID_NV, ID_NCC, NGAY_NHAP, TONG_TIEN) VALUES (9, 44, 97, 99, 86297.0, 4, 77, '2024-12-29 00:00:00', 8543403.0);
INSERT INTO CHI_TIET_PHIEU_NHAP (ID_CTPN, ID_PN, ID_SP, SO_LUONG, DON_GIA, ID_NV, ID_NCC, NGAY_NHAP, TONG_TIEN) VALUES (10, 23, 20, 70, 401025.07, 44, 99, '2024-09-15 00:00:00', 28071754.9);
INSERT INTO CHI_TIET_PHIEU_NHAP (ID_CTPN, ID_PN, ID_SP, SO_LUONG, DON_GIA, ID_NV, ID_NCC, NGAY_NHAP, TONG_TIEN) VALUES (11, 97, 11, 84, 63721.71, 28, 52, '2024-02-01 00:00:00', 5352623.64);
INSERT INTO CHI_TIET_PHIEU_NHAP (ID_CTPN, ID_PN, ID_SP, SO_LUONG, DON_GIA, ID_NV, ID_NCC, NGAY_NHAP, TONG_TIEN) VALUES (12, 23, 44, 42, 394894.93, 49, 55, '2024-09-30 00:00:00', 16585587.06);
INSERT INTO CHI_TIET_PHIEU_NHAP (ID_CTPN, ID_PN, ID_SP, SO_LUONG, DON_GIA, ID_NV, ID_NCC, NGAY_NHAP, TONG_TIEN) VALUES (13, 7, 40, 59, 206354.36, 100, 6, '2024-09-23 00:00:00', 12174907.24);
INSERT INTO CHI_TIET_PHIEU_NHAP (ID_CTPN, ID_PN, ID_SP, SO_LUONG, DON_GIA, ID_NV, ID_NCC, NGAY_NHAP, TONG_TIEN) VALUES (14, 38, 72, 83, 467960.22, 73, 90, '2025-01-12 00:00:00', 38840698.26);
INSERT INTO CHI_TIET_PHIEU_NHAP (ID_CTPN, ID_PN, ID_SP, SO_LUONG, DON_GIA, ID_NV, ID_NCC, NGAY_NHAP, TONG_TIEN) VALUES (15, 89, 45, 1, 46561.06, 2, 100, '2024-06-26 00:00:00', 46561.06);
INSERT INTO CHI_TIET_PHIEU_NHAP (ID_CTPN, ID_PN, ID_SP, SO_LUONG, DON_GIA, ID_NV, ID_NCC, NGAY_NHAP, TONG_TIEN) VALUES (16, 27, 12, 7, 221872.0, 7, 91, '2024-09-26 00:00:00', 1553104.0);
INSERT INTO CHI_TIET_PHIEU_NHAP (ID_CTPN, ID_PN, ID_SP, SO_LUONG, DON_GIA, ID_NV, ID_NCC, NGAY_NHAP, TONG_TIEN) VALUES (17, 19, 71, 53, 210550.3, 73, 30, '2024-08-15 00:00:00', 11159165.9);
INSERT INTO CHI_TIET_PHIEU_NHAP (ID_CTPN, ID_PN, ID_SP, SO_LUONG, DON_GIA, ID_NV, ID_NCC, NGAY_NHAP, TONG_TIEN) VALUES (18, 42, 78, 58, 190986.85, 82, 37, '2024-08-23 00:00:00', 11077237.3);
INSERT INTO CHI_TIET_PHIEU_NHAP (ID_CTPN, ID_PN, ID_SP, SO_LUONG, DON_GIA, ID_NV, ID_NCC, NGAY_NHAP, TONG_TIEN) VALUES (19, 94, 92, 72, 466603.91, 36, 48, '2024-10-06 00:00:00', 33595481.52);
INSERT INTO CHI_TIET_PHIEU_NHAP (ID_CTPN, ID_PN, ID_SP, SO_LUONG, DON_GIA, ID_NV, ID_NCC, NGAY_NHAP, TONG_TIEN) VALUES (20, 36, 88, 69, 122924.87, 17, 85, '2024-05-30 00:00:00', 8481816.03);
INSERT INTO CHI_TIET_PHIEU_NHAP (ID_CTPN, ID_PN, ID_SP, SO_LUONG, DON_GIA, ID_NV, ID_NCC, NGAY_NHAP, TONG_TIEN) VALUES (21, 12, 29, 90, 353810.16, 85, 90, '2025-02-12 00:00:00', 31842914.4);
INSERT INTO CHI_TIET_PHIEU_NHAP (ID_CTPN, ID_PN, ID_SP, SO_LUONG, DON_GIA, ID_NV, ID_NCC, NGAY_NHAP, TONG_TIEN) VALUES (22, 2, 20, 19, 119141.9, 40, 77, '2024-06-24 00:00:00', 2263696.1);
INSERT INTO CHI_TIET_PHIEU_NHAP (ID_CTPN, ID_PN, ID_SP, SO_LUONG, DON_GIA, ID_NV, ID_NCC, NGAY_NHAP, TONG_TIEN) VALUES (23, 35, 51, 53, 365838.03, 88, 36, '2024-12-22 00:00:00', 19389415.59);
INSERT INTO CHI_TIET_PHIEU_NHAP (ID_CTPN, ID_PN, ID_SP, SO_LUONG, DON_GIA, ID_NV, ID_NCC, NGAY_NHAP, TONG_TIEN) VALUES (24, 9, 47, 21, 36749.3, 33, 35, '2024-08-14 00:00:00', 771735.3);
INSERT INTO CHI_TIET_PHIEU_NHAP (ID_CTPN, ID_PN, ID_SP, SO_LUONG, DON_GIA, ID_NV, ID_NCC, NGAY_NHAP, TONG_TIEN) VALUES (25, 58, 84, 49, 360384.21, 45, 62, '2024-08-10 00:00:00', 17658826.29);
INSERT INTO CHI_TIET_PHIEU_NHAP (ID_CTPN, ID_PN, ID_SP, SO_LUONG, DON_GIA, ID_NV, ID_NCC, NGAY_NHAP, TONG_TIEN) VALUES (26, 70, 72, 98, 206699.55, 36, 56, '2024-04-20 00:00:00', 20256555.9);
INSERT INTO CHI_TIET_PHIEU_NHAP (ID_CTPN, ID_PN, ID_SP, SO_LUONG, DON_GIA, ID_NV, ID_NCC, NGAY_NHAP, TONG_TIEN) VALUES (27, 34, 63, 80, 321944.87, 33, 80, '2024-01-23 00:00:00', 25755589.6);
INSERT INTO CHI_TIET_PHIEU_NHAP (ID_CTPN, ID_PN, ID_SP, SO_LUONG, DON_GIA, ID_NV, ID_NCC, NGAY_NHAP, TONG_TIEN) VALUES (28, 70, 52, 73, 481537.06, 32, 62, '2024-08-18 00:00:00', 35152205.38);
INSERT INTO CHI_TIET_PHIEU_NHAP (ID_CTPN, ID_PN, ID_SP, SO_LUONG, DON_GIA, ID_NV, ID_NCC, NGAY_NHAP, TONG_TIEN) VALUES (29, 85, 21, 66, 33577.85, 39, 46, '2024-12-07 00:00:00', 2216138.1);
INSERT INTO CHI_TIET_PHIEU_NHAP (ID_CTPN, ID_PN, ID_SP, SO_LUONG, DON_GIA, ID_NV, ID_NCC, NGAY_NHAP, TONG_TIEN) VALUES (30, 95, 40, 13, 409772.9, 18, 50, '2024-01-04 00:00:00', 5327047.7);
INSERT INTO CHI_TIET_PHIEU_NHAP (ID_CTPN, ID_PN, ID_SP, SO_LUONG, DON_GIA, ID_NV, ID_NCC, NGAY_NHAP, TONG_TIEN) VALUES (31, 81, 77, 20, 170958.88, 49, 10, '2024-09-11 00:00:00', 3419177.6);
INSERT INTO CHI_TIET_PHIEU_NHAP (ID_CTPN, ID_PN, ID_SP, SO_LUONG, DON_GIA, ID_NV, ID_NCC, NGAY_NHAP, TONG_TIEN) VALUES (32, 16, 85, 30, 391288.56, 62, 95, '2025-01-01 00:00:00', 11738656.8);
INSERT INTO CHI_TIET_PHIEU_NHAP (ID_CTPN, ID_PN, ID_SP, SO_LUONG, DON_GIA, ID_NV, ID_NCC, NGAY_NHAP, TONG_TIEN) VALUES (33, 89, 28, 82, 375324.74, 80, 19, '2024-11-19 00:00:00', 30776628.68);
INSERT INTO CHI_TIET_PHIEU_NHAP (ID_CTPN, ID_PN, ID_SP, SO_LUONG, DON_GIA, ID_NV, ID_NCC, NGAY_NHAP, TONG_TIEN) VALUES (34, 58, 83, 36, 385295.85, 49, 67, '2024-02-19 00:00:00', 13870650.6);
INSERT INTO CHI_TIET_PHIEU_NHAP (ID_CTPN, ID_PN, ID_SP, SO_LUONG, DON_GIA, ID_NV, ID_NCC, NGAY_NHAP, TONG_TIEN) VALUES (35, 12, 29, 42, 13136.13, 47, 81, '2025-02-06 00:00:00', 551717.46);
INSERT INTO CHI_TIET_PHIEU_NHAP (ID_CTPN, ID_PN, ID_SP, SO_LUONG, DON_GIA, ID_NV, ID_NCC, NGAY_NHAP, TONG_TIEN) VALUES (36, 52, 89, 47, 383298.03, 53, 73, '2025-03-01 00:00:00', 18015007.41);
INSERT INTO CHI_TIET_PHIEU_NHAP (ID_CTPN, ID_PN, ID_SP, SO_LUONG, DON_GIA, ID_NV, ID_NCC, NGAY_NHAP, TONG_TIEN) VALUES (37, 80, 14, 6, 116403.24, 62, 61, '2024-02-05 00:00:00', 698419.44);
INSERT INTO CHI_TIET_PHIEU_NHAP (ID_CTPN, ID_PN, ID_SP, SO_LUONG, DON_GIA, ID_NV, ID_NCC, NGAY_NHAP, TONG_TIEN) VALUES (38, 65, 4, 98, 39124.59, 53, 26, '2024-02-22 00:00:00', 3834209.82);
INSERT INTO CHI_TIET_PHIEU_NHAP (ID_CTPN, ID_PN, ID_SP, SO_LUONG, DON_GIA, ID_NV, ID_NCC, NGAY_NHAP, TONG_TIEN) VALUES (39, 97, 92, 10, 76094.63, 34, 82, '2024-11-24 00:00:00', 760946.3);
INSERT INTO CHI_TIET_PHIEU_NHAP (ID_CTPN, ID_PN, ID_SP, SO_LUONG, DON_GIA, ID_NV, ID_NCC, NGAY_NHAP, TONG_TIEN) VALUES (40, 100, 72, 3, 58303.89, 43, 26, '2024-08-22 00:00:00', 174911.67);
INSERT INTO CHI_TIET_PHIEU_NHAP (ID_CTPN, ID_PN, ID_SP, SO_LUONG, DON_GIA, ID_NV, ID_NCC, NGAY_NHAP, TONG_TIEN) VALUES (41, 28, 19, 96, 31070.8, 90, 97, '2024-12-14 00:00:00', 2982796.8);
INSERT INTO CHI_TIET_PHIEU_NHAP (ID_CTPN, ID_PN, ID_SP, SO_LUONG, DON_GIA, ID_NV, ID_NCC, NGAY_NHAP, TONG_TIEN) VALUES (42, 7, 41, 8, 269933.9, 55, 92, '2024-10-08 00:00:00', 2159471.2);
INSERT INTO CHI_TIET_PHIEU_NHAP (ID_CTPN, ID_PN, ID_SP, SO_LUONG, DON_GIA, ID_NV, ID_NCC, NGAY_NHAP, TONG_TIEN) VALUES (43, 92, 76, 42, 132169.62, 80, 55, '2025-02-25 00:00:00', 5551124.04);
INSERT INTO CHI_TIET_PHIEU_NHAP (ID_CTPN, ID_PN, ID_SP, SO_LUONG, DON_GIA, ID_NV, ID_NCC, NGAY_NHAP, TONG_TIEN) VALUES (44, 50, 11, 35, 494694.17, 68, 13, '2024-07-31 00:00:00', 17314295.95);
INSERT INTO CHI_TIET_PHIEU_NHAP (ID_CTPN, ID_PN, ID_SP, SO_LUONG, DON_GIA, ID_NV, ID_NCC, NGAY_NHAP, TONG_TIEN) VALUES (45, 9, 14, 82, 217413.92, 73, 19, '2024-03-03 00:00:00', 17827941.44);
INSERT INTO CHI_TIET_PHIEU_NHAP (ID_CTPN, ID_PN, ID_SP, SO_LUONG, DON_GIA, ID_NV, ID_NCC, NGAY_NHAP, TONG_TIEN) VALUES (46, 85, 75, 19, 492882.96, 8, 95, '2025-01-13 00:00:00', 9364776.24);
INSERT INTO CHI_TIET_PHIEU_NHAP (ID_CTPN, ID_PN, ID_SP, SO_LUONG, DON_GIA, ID_NV, ID_NCC, NGAY_NHAP, TONG_TIEN) VALUES (47, 100, 67, 96, 47337.48, 94, 64, '2024-07-11 00:00:00', 4544398.08);
INSERT INTO CHI_TIET_PHIEU_NHAP (ID_CTPN, ID_PN, ID_SP, SO_LUONG, DON_GIA, ID_NV, ID_NCC, NGAY_NHAP, TONG_TIEN) VALUES (48, 85, 35, 59, 26668.39, 57, 52, '2024-05-22 00:00:00', 1573435.01);
INSERT INTO CHI_TIET_PHIEU_NHAP (ID_CTPN, ID_PN, ID_SP, SO_LUONG, DON_GIA, ID_NV, ID_NCC, NGAY_NHAP, TONG_TIEN) VALUES (49, 61, 54, 60, 435719.0, 3, 17, '2024-01-14 00:00:00', 26143140.0);
INSERT INTO CHI_TIET_PHIEU_NHAP (ID_CTPN, ID_PN, ID_SP, SO_LUONG, DON_GIA, ID_NV, ID_NCC, NGAY_NHAP, TONG_TIEN) VALUES (50, 96, 12, 28, 191838.6, 25, 67, '2025-01-11 00:00:00', 5371480.8);
INSERT INTO CHI_TIET_PHIEU_NHAP (ID_CTPN, ID_PN, ID_SP, SO_LUONG, DON_GIA, ID_NV, ID_NCC, NGAY_NHAP, TONG_TIEN) VALUES (51, 61, 31, 13, 217271.38, 40, 7, '2025-01-14 00:00:00', 2824527.94);
INSERT INTO CHI_TIET_PHIEU_NHAP (ID_CTPN, ID_PN, ID_SP, SO_LUONG, DON_GIA, ID_NV, ID_NCC, NGAY_NHAP, TONG_TIEN) VALUES (52, 74, 43, 3, 5011.84, 84, 21, '2024-09-19 00:00:00', 15035.52);
INSERT INTO CHI_TIET_PHIEU_NHAP (ID_CTPN, ID_PN, ID_SP, SO_LUONG, DON_GIA, ID_NV, ID_NCC, NGAY_NHAP, TONG_TIEN) VALUES (53, 18, 68, 53, 449132.02, 94, 60, '2024-04-01 00:00:00', 23803997.06);
INSERT INTO CHI_TIET_PHIEU_NHAP (ID_CTPN, ID_PN, ID_SP, SO_LUONG, DON_GIA, ID_NV, ID_NCC, NGAY_NHAP, TONG_TIEN) VALUES (54, 37, 9, 76, 62467.97, 59, 31, '2024-05-06 00:00:00', 4747565.72);
INSERT INTO CHI_TIET_PHIEU_NHAP (ID_CTPN, ID_PN, ID_SP, SO_LUONG, DON_GIA, ID_NV, ID_NCC, NGAY_NHAP, TONG_TIEN) VALUES (55, 49, 38, 58, 361978.92, 45, 51, '2025-02-25 00:00:00', 20994777.36);
INSERT INTO CHI_TIET_PHIEU_NHAP (ID_CTPN, ID_PN, ID_SP, SO_LUONG, DON_GIA, ID_NV, ID_NCC, NGAY_NHAP, TONG_TIEN) VALUES (56, 1, 51, 34, 422300.1, 87, 29, '2024-08-17 00:00:00', 14358203.4);
INSERT INTO CHI_TIET_PHIEU_NHAP (ID_CTPN, ID_PN, ID_SP, SO_LUONG, DON_GIA, ID_NV, ID_NCC, NGAY_NHAP, TONG_TIEN) VALUES (57, 7, 89, 2, 214201.07, 14, 1, '2024-11-24 00:00:00', 428402.14);
INSERT INTO CHI_TIET_PHIEU_NHAP (ID_CTPN, ID_PN, ID_SP, SO_LUONG, DON_GIA, ID_NV, ID_NCC, NGAY_NHAP, TONG_TIEN) VALUES (58, 74, 38, 50, 85143.26, 92, 4, '2024-02-29 00:00:00', 4257163.0);
INSERT INTO CHI_TIET_PHIEU_NHAP (ID_CTPN, ID_PN, ID_SP, SO_LUONG, DON_GIA, ID_NV, ID_NCC, NGAY_NHAP, TONG_TIEN) VALUES (59, 90, 32, 63, 118437.96, 85, 27, '2024-10-30 00:00:00', 7461591.48);
INSERT INTO CHI_TIET_PHIEU_NHAP (ID_CTPN, ID_PN, ID_SP, SO_LUONG, DON_GIA, ID_NV, ID_NCC, NGAY_NHAP, TONG_TIEN) VALUES (60, 90, 57, 64, 172094.31, 59, 19, '2024-08-22 00:00:00', 11014035.84);
INSERT INTO CHI_TIET_PHIEU_NHAP (ID_CTPN, ID_PN, ID_SP, SO_LUONG, DON_GIA, ID_NV, ID_NCC, NGAY_NHAP, TONG_TIEN) VALUES (61, 37, 57, 34, 442492.26, 95, 42, '2024-05-28 00:00:00', 15044736.84);
INSERT INTO CHI_TIET_PHIEU_NHAP (ID_CTPN, ID_PN, ID_SP, SO_LUONG, DON_GIA, ID_NV, ID_NCC, NGAY_NHAP, TONG_TIEN) VALUES (62, 35, 75, 26, 278034.72, 4, 80, '2024-03-21 00:00:00', 7228902.72);
INSERT INTO CHI_TIET_PHIEU_NHAP (ID_CTPN, ID_PN, ID_SP, SO_LUONG, DON_GIA, ID_NV, ID_NCC, NGAY_NHAP, TONG_TIEN) VALUES (63, 83, 83, 3, 407713.3, 16, 72, '2025-02-08 00:00:00', 1223139.9);
INSERT INTO CHI_TIET_PHIEU_NHAP (ID_CTPN, ID_PN, ID_SP, SO_LUONG, DON_GIA, ID_NV, ID_NCC, NGAY_NHAP, TONG_TIEN) VALUES (64, 49, 39, 1, 169158.97, 97, 35, '2024-06-02 00:00:00', 169158.97);
INSERT INTO CHI_TIET_PHIEU_NHAP (ID_CTPN, ID_PN, ID_SP, SO_LUONG, DON_GIA, ID_NV, ID_NCC, NGAY_NHAP, TONG_TIEN) VALUES (65, 3, 7, 98, 436950.92, 48, 51, '2024-09-11 00:00:00', 42821190.16);
INSERT INTO CHI_TIET_PHIEU_NHAP (ID_CTPN, ID_PN, ID_SP, SO_LUONG, DON_GIA, ID_NV, ID_NCC, NGAY_NHAP, TONG_TIEN) VALUES (66, 71, 58, 31, 334672.11, 93, 25, '2024-06-19 00:00:00', 10374835.41);
INSERT INTO CHI_TIET_PHIEU_NHAP (ID_CTPN, ID_PN, ID_SP, SO_LUONG, DON_GIA, ID_NV, ID_NCC, NGAY_NHAP, TONG_TIEN) VALUES (67, 24, 10, 11, 6358.1, 97, 54, '2024-05-19 00:00:00', 69939.1);
INSERT INTO CHI_TIET_PHIEU_NHAP (ID_CTPN, ID_PN, ID_SP, SO_LUONG, DON_GIA, ID_NV, ID_NCC, NGAY_NHAP, TONG_TIEN) VALUES (68, 32, 38, 71, 426122.18, 69, 84, '2024-02-27 00:00:00', 30254674.78);
INSERT INTO CHI_TIET_PHIEU_NHAP (ID_CTPN, ID_PN, ID_SP, SO_LUONG, DON_GIA, ID_NV, ID_NCC, NGAY_NHAP, TONG_TIEN) VALUES (69, 6, 50, 1, 392943.49, 63, 81, '2024-10-30 00:00:00', 392943.49);
INSERT INTO CHI_TIET_PHIEU_NHAP (ID_CTPN, ID_PN, ID_SP, SO_LUONG, DON_GIA, ID_NV, ID_NCC, NGAY_NHAP, TONG_TIEN) VALUES (70, 98, 22, 42, 371273.31, 57, 37, '2024-04-26 00:00:00', 15593479.02);
INSERT INTO CHI_TIET_PHIEU_NHAP (ID_CTPN, ID_PN, ID_SP, SO_LUONG, DON_GIA, ID_NV, ID_NCC, NGAY_NHAP, TONG_TIEN) VALUES (71, 100, 6, 38, 450019.58, 89, 24, '2024-07-11 00:00:00', 17100744.04);
INSERT INTO CHI_TIET_PHIEU_NHAP (ID_CTPN, ID_PN, ID_SP, SO_LUONG, DON_GIA, ID_NV, ID_NCC, NGAY_NHAP, TONG_TIEN) VALUES (72, 10, 72, 49, 329361.19, 25, 93, '2024-01-13 00:00:00', 16138698.31);
INSERT INTO CHI_TIET_PHIEU_NHAP (ID_CTPN, ID_PN, ID_SP, SO_LUONG, DON_GIA, ID_NV, ID_NCC, NGAY_NHAP, TONG_TIEN) VALUES (73, 78, 69, 37, 337660.69, 17, 76, '2025-01-17 00:00:00', 12493445.53);
INSERT INTO CHI_TIET_PHIEU_NHAP (ID_CTPN, ID_PN, ID_SP, SO_LUONG, DON_GIA, ID_NV, ID_NCC, NGAY_NHAP, TONG_TIEN) VALUES (74, 45, 28, 91, 340803.25, 94, 58, '2024-01-18 00:00:00', 31013095.75);
INSERT INTO CHI_TIET_PHIEU_NHAP (ID_CTPN, ID_PN, ID_SP, SO_LUONG, DON_GIA, ID_NV, ID_NCC, NGAY_NHAP, TONG_TIEN) VALUES (75, 90, 54, 95, 163158.94, 47, 74, '2024-02-01 00:00:00', 15500099.3);
INSERT INTO CHI_TIET_PHIEU_NHAP (ID_CTPN, ID_PN, ID_SP, SO_LUONG, DON_GIA, ID_NV, ID_NCC, NGAY_NHAP, TONG_TIEN) VALUES (76, 65, 93, 76, 484131.58, 14, 23, '2024-02-11 00:00:00', 36794000.08);
INSERT INTO CHI_TIET_PHIEU_NHAP (ID_CTPN, ID_PN, ID_SP, SO_LUONG, DON_GIA, ID_NV, ID_NCC, NGAY_NHAP, TONG_TIEN) VALUES (77, 17, 95, 34, 407341.74, 80, 27, '2024-07-25 00:00:00', 13849619.16);
INSERT INTO CHI_TIET_PHIEU_NHAP (ID_CTPN, ID_PN, ID_SP, SO_LUONG, DON_GIA, ID_NV, ID_NCC, NGAY_NHAP, TONG_TIEN) VALUES (78, 94, 87, 15, 306430.69, 50, 38, '2024-09-29 00:00:00', 4596460.35);
INSERT INTO CHI_TIET_PHIEU_NHAP (ID_CTPN, ID_PN, ID_SP, SO_LUONG, DON_GIA, ID_NV, ID_NCC, NGAY_NHAP, TONG_TIEN) VALUES (79, 54, 64, 56, 396987.33, 68, 62, '2024-06-18 00:00:00', 22231290.48);
INSERT INTO CHI_TIET_PHIEU_NHAP (ID_CTPN, ID_PN, ID_SP, SO_LUONG, DON_GIA, ID_NV, ID_NCC, NGAY_NHAP, TONG_TIEN) VALUES (80, 86, 53, 34, 73709.73, 57, 17, '2024-08-16 00:00:00', 2506130.82);
INSERT INTO CHI_TIET_PHIEU_NHAP (ID_CTPN, ID_PN, ID_SP, SO_LUONG, DON_GIA, ID_NV, ID_NCC, NGAY_NHAP, TONG_TIEN) VALUES (81, 98, 92, 36, 289368.13, 93, 30, '2024-12-23 00:00:00', 10417252.68);
INSERT INTO CHI_TIET_PHIEU_NHAP (ID_CTPN, ID_PN, ID_SP, SO_LUONG, DON_GIA, ID_NV, ID_NCC, NGAY_NHAP, TONG_TIEN) VALUES (82, 98, 7, 43, 245650.29, 48, 52, '2024-07-16 00:00:00', 10562962.47);
INSERT INTO CHI_TIET_PHIEU_NHAP (ID_CTPN, ID_PN, ID_SP, SO_LUONG, DON_GIA, ID_NV, ID_NCC, NGAY_NHAP, TONG_TIEN) VALUES (83, 22, 63, 7, 454060.11, 78, 23, '2024-08-09 00:00:00', 3178420.77);
INSERT INTO CHI_TIET_PHIEU_NHAP (ID_CTPN, ID_PN, ID_SP, SO_LUONG, DON_GIA, ID_NV, ID_NCC, NGAY_NHAP, TONG_TIEN) VALUES (84, 77, 5, 39, 25700.7, 56, 45, '2024-10-09 00:00:00', 1002327.3);
INSERT INTO CHI_TIET_PHIEU_NHAP (ID_CTPN, ID_PN, ID_SP, SO_LUONG, DON_GIA, ID_NV, ID_NCC, NGAY_NHAP, TONG_TIEN) VALUES (85, 37, 53, 17, 137105.58, 38, 59, '2024-06-11 00:00:00', 2330794.86);
INSERT INTO CHI_TIET_PHIEU_NHAP (ID_CTPN, ID_PN, ID_SP, SO_LUONG, DON_GIA, ID_NV, ID_NCC, NGAY_NHAP, TONG_TIEN) VALUES (86, 62, 89, 87, 398774.64, 5, 75, '2024-10-16 00:00:00', 34693393.68);
INSERT INTO CHI_TIET_PHIEU_NHAP (ID_CTPN, ID_PN, ID_SP, SO_LUONG, DON_GIA, ID_NV, ID_NCC, NGAY_NHAP, TONG_TIEN) VALUES (87, 92, 78, 18, 117304.83, 54, 29, '2024-05-15 00:00:00', 2111486.94);
INSERT INTO CHI_TIET_PHIEU_NHAP (ID_CTPN, ID_PN, ID_SP, SO_LUONG, DON_GIA, ID_NV, ID_NCC, NGAY_NHAP, TONG_TIEN) VALUES (88, 84, 14, 58, 248123.61, 82, 81, '2024-10-06 00:00:00', 14391169.38);
INSERT INTO CHI_TIET_PHIEU_NHAP (ID_CTPN, ID_PN, ID_SP, SO_LUONG, DON_GIA, ID_NV, ID_NCC, NGAY_NHAP, TONG_TIEN) VALUES (89, 10, 24, 52, 395076.5, 10, 7, '2024-07-16 00:00:00', 20543978.0);
INSERT INTO CHI_TIET_PHIEU_NHAP (ID_CTPN, ID_PN, ID_SP, SO_LUONG, DON_GIA, ID_NV, ID_NCC, NGAY_NHAP, TONG_TIEN) VALUES (90, 56, 43, 68, 109249.49, 5, 33, '2024-12-10 00:00:00', 7428965.32);
INSERT INTO CHI_TIET_PHIEU_NHAP (ID_CTPN, ID_PN, ID_SP, SO_LUONG, DON_GIA, ID_NV, ID_NCC, NGAY_NHAP, TONG_TIEN) VALUES (91, 15, 95, 99, 51779.37, 16, 80, '2024-11-15 00:00:00', 5126157.63);
INSERT INTO CHI_TIET_PHIEU_NHAP (ID_CTPN, ID_PN, ID_SP, SO_LUONG, DON_GIA, ID_NV, ID_NCC, NGAY_NHAP, TONG_TIEN) VALUES (92, 29, 67, 71, 381643.5, 12, 68, '2024-12-27 00:00:00', 27096688.5);
INSERT INTO CHI_TIET_PHIEU_NHAP (ID_CTPN, ID_PN, ID_SP, SO_LUONG, DON_GIA, ID_NV, ID_NCC, NGAY_NHAP, TONG_TIEN) VALUES (93, 8, 1, 26, 27349.63, 62, 4, '2024-01-11 00:00:00', 711090.38);
INSERT INTO CHI_TIET_PHIEU_NHAP (ID_CTPN, ID_PN, ID_SP, SO_LUONG, DON_GIA, ID_NV, ID_NCC, NGAY_NHAP, TONG_TIEN) VALUES (94, 7, 27, 33, 282022.41, 95, 38, '2025-02-24 00:00:00', 9306739.53);
INSERT INTO CHI_TIET_PHIEU_NHAP (ID_CTPN, ID_PN, ID_SP, SO_LUONG, DON_GIA, ID_NV, ID_NCC, NGAY_NHAP, TONG_TIEN) VALUES (95, 47, 88, 85, 304103.64, 24, 22, '2025-01-28 00:00:00', 25848809.4);
INSERT INTO CHI_TIET_PHIEU_NHAP (ID_CTPN, ID_PN, ID_SP, SO_LUONG, DON_GIA, ID_NV, ID_NCC, NGAY_NHAP, TONG_TIEN) VALUES (96, 32, 38, 10, 213264.07, 97, 35, '2024-03-03 00:00:00', 2132640.7);
INSERT INTO CHI_TIET_PHIEU_NHAP (ID_CTPN, ID_PN, ID_SP, SO_LUONG, DON_GIA, ID_NV, ID_NCC, NGAY_NHAP, TONG_TIEN) VALUES (97, 27, 51, 88, 70985.28, 68, 5, '2025-01-09 00:00:00', 6246704.64);
INSERT INTO CHI_TIET_PHIEU_NHAP (ID_CTPN, ID_PN, ID_SP, SO_LUONG, DON_GIA, ID_NV, ID_NCC, NGAY_NHAP, TONG_TIEN) VALUES (98, 34, 72, 6, 250259.57, 75, 72, '2024-04-16 00:00:00', 1501557.42);
INSERT INTO CHI_TIET_PHIEU_NHAP (ID_CTPN, ID_PN, ID_SP, SO_LUONG, DON_GIA, ID_NV, ID_NCC, NGAY_NHAP, TONG_TIEN) VALUES (99, 69, 97, 20, 321220.43, 72, 54, '2024-06-19 00:00:00', 6424408.6);
INSERT INTO CHI_TIET_PHIEU_NHAP (ID_CTPN, ID_PN, ID_SP, SO_LUONG, DON_GIA, ID_NV, ID_NCC, NGAY_NHAP, TONG_TIEN) VALUES (100, 49, 95, 75, 496021.71, 79, 30, '2024-06-26 00:00:00', 37201628.25);

-- INSERT cho bảng CHI_TIET_HOA_DON
INSERT INTO CHI_TIET_HOA_DON (ID_CTHD, ID_HD, ID_SP, SO_LUONG, DON_GIA, TONG_TIEN, ID_NV) VALUES (1, 42, 74, 5, 493330.29, 2466651.45, 22);
INSERT INTO CHI_TIET_HOA_DON (ID_CTHD, ID_HD, ID_SP, SO_LUONG, DON_GIA, TONG_TIEN, ID_NV) VALUES (2, 29, 39, 47, 490374.43, 23047598.21, 42);
INSERT INTO CHI_TIET_HOA_DON (ID_CTHD, ID_HD, ID_SP, SO_LUONG, DON_GIA, TONG_TIEN, ID_NV) VALUES (3, 89, 72, 66, 348225.82, 22982904.12, 59);
INSERT INTO CHI_TIET_HOA_DON (ID_CTHD, ID_HD, ID_SP, SO_LUONG, DON_GIA, TONG_TIEN, ID_NV) VALUES (4, 89, 59, 45, 44867.57, 2019040.65, 58);
INSERT INTO CHI_TIET_HOA_DON (ID_CTHD, ID_HD, ID_SP, SO_LUONG, DON_GIA, TONG_TIEN, ID_NV) VALUES (5, 27, 19, 24, 491995.47, 11807891.28, 42);
INSERT INTO CHI_TIET_HOA_DON (ID_CTHD, ID_HD, ID_SP, SO_LUONG, DON_GIA, TONG_TIEN, ID_NV) VALUES (6, 49, 66, 72, 199533.79, 14366432.88, 93);
INSERT INTO CHI_TIET_HOA_DON (ID_CTHD, ID_HD, ID_SP, SO_LUONG, DON_GIA, TONG_TIEN, ID_NV) VALUES (7, 4, 69, 91, 47447.6, 4317731.6, 63);
INSERT INTO CHI_TIET_HOA_DON (ID_CTHD, ID_HD, ID_SP, SO_LUONG, DON_GIA, TONG_TIEN, ID_NV) VALUES (8, 40, 44, 30, 185782.02, 5573460.6, 69);
INSERT INTO CHI_TIET_HOA_DON (ID_CTHD, ID_HD, ID_SP, SO_LUONG, DON_GIA, TONG_TIEN, ID_NV) VALUES (9, 58, 92, 38, 116969.5, 4444841.0, 24);
INSERT INTO CHI_TIET_HOA_DON (ID_CTHD, ID_HD, ID_SP, SO_LUONG, DON_GIA, TONG_TIEN, ID_NV) VALUES (10, 25, 68, 51, 260750.0, 13298250.0, 34);
INSERT INTO CHI_TIET_HOA_DON (ID_CTHD, ID_HD, ID_SP, SO_LUONG, DON_GIA, TONG_TIEN, ID_NV) VALUES (11, 3, 55, 39, 207058.6, 8075285.4, 20);
INSERT INTO CHI_TIET_HOA_DON (ID_CTHD, ID_HD, ID_SP, SO_LUONG, DON_GIA, TONG_TIEN, ID_NV) VALUES (12, 42, 43, 95, 472824.16, 44918295.2, 80);
INSERT INTO CHI_TIET_HOA_DON (ID_CTHD, ID_HD, ID_SP, SO_LUONG, DON_GIA, TONG_TIEN, ID_NV) VALUES (13, 27, 78, 41, 244660.25, 10031070.25, 56);
INSERT INTO CHI_TIET_HOA_DON (ID_CTHD, ID_HD, ID_SP, SO_LUONG, DON_GIA, TONG_TIEN, ID_NV) VALUES (14, 34, 95, 35, 199529.68, 6983538.8, 18);
INSERT INTO CHI_TIET_HOA_DON (ID_CTHD, ID_HD, ID_SP, SO_LUONG, DON_GIA, TONG_TIEN, ID_NV) VALUES (15, 11, 84, 68, 264289.07, 17971656.76, 4);
INSERT INTO CHI_TIET_HOA_DON (ID_CTHD, ID_HD, ID_SP, SO_LUONG, DON_GIA, TONG_TIEN, ID_NV) VALUES (16, 37, 21, 62, 490122.28, 30387581.36, 79);
INSERT INTO CHI_TIET_HOA_DON (ID_CTHD, ID_HD, ID_SP, SO_LUONG, DON_GIA, TONG_TIEN, ID_NV) VALUES (17, 24, 60, 53, 17529.69, 929073.57, 30);
INSERT INTO CHI_TIET_HOA_DON (ID_CTHD, ID_HD, ID_SP, SO_LUONG, DON_GIA, TONG_TIEN, ID_NV) VALUES (18, 33, 57, 68, 259976.77, 17678420.36, 59);
INSERT INTO CHI_TIET_HOA_DON (ID_CTHD, ID_HD, ID_SP, SO_LUONG, DON_GIA, TONG_TIEN, ID_NV) VALUES (19, 23, 52, 88, 250357.66, 22031474.08, 37);
INSERT INTO CHI_TIET_HOA_DON (ID_CTHD, ID_HD, ID_SP, SO_LUONG, DON_GIA, TONG_TIEN, ID_NV) VALUES (20, 3, 83, 57, 5680.85, 323808.45, 69);
INSERT INTO CHI_TIET_HOA_DON (ID_CTHD, ID_HD, ID_SP, SO_LUONG, DON_GIA, TONG_TIEN, ID_NV) VALUES (21, 58, 20, 33, 6925.52, 228542.16, 65);
INSERT INTO CHI_TIET_HOA_DON (ID_CTHD, ID_HD, ID_SP, SO_LUONG, DON_GIA, TONG_TIEN, ID_NV) VALUES (22, 65, 29, 9, 39203.46, 352831.14, 10);
INSERT INTO CHI_TIET_HOA_DON (ID_CTHD, ID_HD, ID_SP, SO_LUONG, DON_GIA, TONG_TIEN, ID_NV) VALUES (23, 7, 67, 11, 158344.48, 1741789.28, 19);
INSERT INTO CHI_TIET_HOA_DON (ID_CTHD, ID_HD, ID_SP, SO_LUONG, DON_GIA, TONG_TIEN, ID_NV) VALUES (24, 90, 36, 93, 9589.3, 891804.9, 97);
INSERT INTO CHI_TIET_HOA_DON (ID_CTHD, ID_HD, ID_SP, SO_LUONG, DON_GIA, TONG_TIEN, ID_NV) VALUES (25, 42, 36, 45, 186138.29, 8376223.05, 28);
INSERT INTO CHI_TIET_HOA_DON (ID_CTHD, ID_HD, ID_SP, SO_LUONG, DON_GIA, TONG_TIEN, ID_NV) VALUES (26, 53, 21, 27, 341309.33, 9215351.91, 91);
INSERT INTO CHI_TIET_HOA_DON (ID_CTHD, ID_HD, ID_SP, SO_LUONG, DON_GIA, TONG_TIEN, ID_NV) VALUES (27, 84, 86, 91, 283627.33, 25810087.03, 65);
INSERT INTO CHI_TIET_HOA_DON (ID_CTHD, ID_HD, ID_SP, SO_LUONG, DON_GIA, TONG_TIEN, ID_NV) VALUES (28, 31, 71, 86, 393862.44, 33872169.84, 67);
INSERT INTO CHI_TIET_HOA_DON (ID_CTHD, ID_HD, ID_SP, SO_LUONG, DON_GIA, TONG_TIEN, ID_NV) VALUES (29, 73, 99, 38, 462985.25, 17593439.5, 24);
INSERT INTO CHI_TIET_HOA_DON (ID_CTHD, ID_HD, ID_SP, SO_LUONG, DON_GIA, TONG_TIEN, ID_NV) VALUES (30, 43, 22, 31, 334596.84, 10372502.04, 5);
INSERT INTO CHI_TIET_HOA_DON (ID_CTHD, ID_HD, ID_SP, SO_LUONG, DON_GIA, TONG_TIEN, ID_NV) VALUES (31, 12, 57, 1, 311492.13, 311492.13, 67);
INSERT INTO CHI_TIET_HOA_DON (ID_CTHD, ID_HD, ID_SP, SO_LUONG, DON_GIA, TONG_TIEN, ID_NV) VALUES (32, 22, 55, 3, 463809.59, 1391428.77, 48);
INSERT INTO CHI_TIET_HOA_DON (ID_CTHD, ID_HD, ID_SP, SO_LUONG, DON_GIA, TONG_TIEN, ID_NV) VALUES (33, 11, 80, 22, 442402.74, 9732860.28, 43);
INSERT INTO CHI_TIET_HOA_DON (ID_CTHD, ID_HD, ID_SP, SO_LUONG, DON_GIA, TONG_TIEN, ID_NV) VALUES (34, 84, 54, 22, 332555.66, 7316224.52, 64);
INSERT INTO CHI_TIET_HOA_DON (ID_CTHD, ID_HD, ID_SP, SO_LUONG, DON_GIA, TONG_TIEN, ID_NV) VALUES (35, 8, 65, 62, 8932.91, 553840.42, 91);
INSERT INTO CHI_TIET_HOA_DON (ID_CTHD, ID_HD, ID_SP, SO_LUONG, DON_GIA, TONG_TIEN, ID_NV) VALUES (36, 76, 20, 28, 382410.88, 10707504.64, 28);
INSERT INTO CHI_TIET_HOA_DON (ID_CTHD, ID_HD, ID_SP, SO_LUONG, DON_GIA, TONG_TIEN, ID_NV) VALUES (37, 45, 83, 11, 484797.05, 5332767.55, 20);
INSERT INTO CHI_TIET_HOA_DON (ID_CTHD, ID_HD, ID_SP, SO_LUONG, DON_GIA, TONG_TIEN, ID_NV) VALUES (38, 27, 57, 35, 390155.17, 13655430.95, 63);
INSERT INTO CHI_TIET_HOA_DON (ID_CTHD, ID_HD, ID_SP, SO_LUONG, DON_GIA, TONG_TIEN, ID_NV) VALUES (39, 29, 88, 83, 146851.95, 12188711.85, 85);
INSERT INTO CHI_TIET_HOA_DON (ID_CTHD, ID_HD, ID_SP, SO_LUONG, DON_GIA, TONG_TIEN, ID_NV) VALUES (40, 49, 13, 46, 176029.39, 8097351.94, 70);
INSERT INTO CHI_TIET_HOA_DON (ID_CTHD, ID_HD, ID_SP, SO_LUONG, DON_GIA, TONG_TIEN, ID_NV) VALUES (41, 94, 100, 48, 70732.84, 3395176.32, 49);
INSERT INTO CHI_TIET_HOA_DON (ID_CTHD, ID_HD, ID_SP, SO_LUONG, DON_GIA, TONG_TIEN, ID_NV) VALUES (42, 23, 81, 89, 114590.44, 10198549.16, 10);
INSERT INTO CHI_TIET_HOA_DON (ID_CTHD, ID_HD, ID_SP, SO_LUONG, DON_GIA, TONG_TIEN, ID_NV) VALUES (43, 90, 26, 54, 415966.39, 22462185.06, 26);
INSERT INTO CHI_TIET_HOA_DON (ID_CTHD, ID_HD, ID_SP, SO_LUONG, DON_GIA, TONG_TIEN, ID_NV) VALUES (44, 88, 58, 45, 107294.37, 4828246.65, 33);
INSERT INTO CHI_TIET_HOA_DON (ID_CTHD, ID_HD, ID_SP, SO_LUONG, DON_GIA, TONG_TIEN, ID_NV) VALUES (45, 78, 84, 8, 256615.95, 2052927.6, 26);
INSERT INTO CHI_TIET_HOA_DON (ID_CTHD, ID_HD, ID_SP, SO_LUONG, DON_GIA, TONG_TIEN, ID_NV) VALUES (46, 39, 75, 90, 263613.69, 23725232.1, 100);
INSERT INTO CHI_TIET_HOA_DON (ID_CTHD, ID_HD, ID_SP, SO_LUONG, DON_GIA, TONG_TIEN, ID_NV) VALUES (47, 8, 69, 21, 295083.28, 6196748.88, 9);
INSERT INTO CHI_TIET_HOA_DON (ID_CTHD, ID_HD, ID_SP, SO_LUONG, DON_GIA, TONG_TIEN, ID_NV) VALUES (48, 78, 74, 60, 226446.97, 13586818.2, 16);
INSERT INTO CHI_TIET_HOA_DON (ID_CTHD, ID_HD, ID_SP, SO_LUONG, DON_GIA, TONG_TIEN, ID_NV) VALUES (49, 76, 70, 79, 211837.97, 16735199.63, 35);
INSERT INTO CHI_TIET_HOA_DON (ID_CTHD, ID_HD, ID_SP, SO_LUONG, DON_GIA, TONG_TIEN, ID_NV) VALUES (50, 37, 40, 83, 296548.09, 24613491.47, 3);
INSERT INTO CHI_TIET_HOA_DON (ID_CTHD, ID_HD, ID_SP, SO_LUONG, DON_GIA, TONG_TIEN, ID_NV) VALUES (51, 68, 52, 43, 80435.86, 3458741.98, 57);
INSERT INTO CHI_TIET_HOA_DON (ID_CTHD, ID_HD, ID_SP, SO_LUONG, DON_GIA, TONG_TIEN, ID_NV) VALUES (52, 99, 34, 57, 408960.95, 23310774.15, 77);
INSERT INTO CHI_TIET_HOA_DON (ID_CTHD, ID_HD, ID_SP, SO_LUONG, DON_GIA, TONG_TIEN, ID_NV) VALUES (53, 89, 93, 5, 124862.85, 624314.25, 80);
INSERT INTO CHI_TIET_HOA_DON (ID_CTHD, ID_HD, ID_SP, SO_LUONG, DON_GIA, TONG_TIEN, ID_NV) VALUES (54, 85, 79, 53, 325074.61, 17228954.33, 16);
INSERT INTO CHI_TIET_HOA_DON (ID_CTHD, ID_HD, ID_SP, SO_LUONG, DON_GIA, TONG_TIEN, ID_NV) VALUES (55, 11, 49, 44, 223528.42, 9835250.48, 80);
INSERT INTO CHI_TIET_HOA_DON (ID_CTHD, ID_HD, ID_SP, SO_LUONG, DON_GIA, TONG_TIEN, ID_NV) VALUES (56, 29, 79, 68, 63203.91, 4297865.88, 14);
INSERT INTO CHI_TIET_HOA_DON (ID_CTHD, ID_HD, ID_SP, SO_LUONG, DON_GIA, TONG_TIEN, ID_NV) VALUES (57, 80, 30, 72, 147653.29, 10631036.88, 56);
INSERT INTO CHI_TIET_HOA_DON (ID_CTHD, ID_HD, ID_SP, SO_LUONG, DON_GIA, TONG_TIEN, ID_NV) VALUES (58, 70, 67, 86, 296551.87, 25503460.82, 43);
INSERT INTO CHI_TIET_HOA_DON (ID_CTHD, ID_HD, ID_SP, SO_LUONG, DON_GIA, TONG_TIEN, ID_NV) VALUES (59, 7, 33, 33, 296267.14, 9776815.62, 39);
INSERT INTO CHI_TIET_HOA_DON (ID_CTHD, ID_HD, ID_SP, SO_LUONG, DON_GIA, TONG_TIEN, ID_NV) VALUES (60, 86, 32, 64, 281195.87, 17996535.68, 68);
INSERT INTO CHI_TIET_HOA_DON (ID_CTHD, ID_HD, ID_SP, SO_LUONG, DON_GIA, TONG_TIEN, ID_NV) VALUES (61, 33, 33, 8, 267066.84, 2136534.72, 52);
INSERT INTO CHI_TIET_HOA_DON (ID_CTHD, ID_HD, ID_SP, SO_LUONG, DON_GIA, TONG_TIEN, ID_NV) VALUES (62, 11, 99, 6, 496337.86, 2978027.16, 77);
INSERT INTO CHI_TIET_HOA_DON (ID_CTHD, ID_HD, ID_SP, SO_LUONG, DON_GIA, TONG_TIEN, ID_NV) VALUES (63, 15, 95, 3, 309016.74, 927050.22, 41);
INSERT INTO CHI_TIET_HOA_DON (ID_CTHD, ID_HD, ID_SP, SO_LUONG, DON_GIA, TONG_TIEN, ID_NV) VALUES (64, 73, 28, 8, 321394.91, 2571159.28, 81);
INSERT INTO CHI_TIET_HOA_DON (ID_CTHD, ID_HD, ID_SP, SO_LUONG, DON_GIA, TONG_TIEN, ID_NV) VALUES (65, 50, 29, 78, 282535.43, 22037763.54, 33);
INSERT INTO CHI_TIET_HOA_DON (ID_CTHD, ID_HD, ID_SP, SO_LUONG, DON_GIA, TONG_TIEN, ID_NV) VALUES (66, 95, 78, 32, 472631.49, 15124207.68, 80);
INSERT INTO CHI_TIET_HOA_DON (ID_CTHD, ID_HD, ID_SP, SO_LUONG, DON_GIA, TONG_TIEN, ID_NV) VALUES (67, 68, 82, 16, 499068.73, 7985099.68, 13);
INSERT INTO CHI_TIET_HOA_DON (ID_CTHD, ID_HD, ID_SP, SO_LUONG, DON_GIA, TONG_TIEN, ID_NV) VALUES (68, 17, 12, 22, 184920.2, 4068244.4, 46);
INSERT INTO CHI_TIET_HOA_DON (ID_CTHD, ID_HD, ID_SP, SO_LUONG, DON_GIA, TONG_TIEN, ID_NV) VALUES (69, 25, 78, 19, 414140.46, 7868668.74, 67);
INSERT INTO CHI_TIET_HOA_DON (ID_CTHD, ID_HD, ID_SP, SO_LUONG, DON_GIA, TONG_TIEN, ID_NV) VALUES (70, 74, 88, 84, 477616.79, 40119810.36, 49);
INSERT INTO CHI_TIET_HOA_DON (ID_CTHD, ID_HD, ID_SP, SO_LUONG, DON_GIA, TONG_TIEN, ID_NV) VALUES (71, 21, 74, 95, 463967.8, 44076941.0, 53);
INSERT INTO CHI_TIET_HOA_DON (ID_CTHD, ID_HD, ID_SP, SO_LUONG, DON_GIA, TONG_TIEN, ID_NV) VALUES (72, 30, 37, 13, 383747.79, 4988721.27, 69);
INSERT INTO CHI_TIET_HOA_DON (ID_CTHD, ID_HD, ID_SP, SO_LUONG, DON_GIA, TONG_TIEN, ID_NV) VALUES (73, 30, 40, 79, 488379.74, 38581999.46, 46);
INSERT INTO CHI_TIET_HOA_DON (ID_CTHD, ID_HD, ID_SP, SO_LUONG, DON_GIA, TONG_TIEN, ID_NV) VALUES (74, 40, 89, 72, 400618.43, 28844526.96, 81);
INSERT INTO CHI_TIET_HOA_DON (ID_CTHD, ID_HD, ID_SP, SO_LUONG, DON_GIA, TONG_TIEN, ID_NV) VALUES (75, 3, 1, 61, 403140.97, 24591599.17, 10);
INSERT INTO CHI_TIET_HOA_DON (ID_CTHD, ID_HD, ID_SP, SO_LUONG, DON_GIA, TONG_TIEN, ID_NV) VALUES (76, 58, 15, 48, 431254.41, 20700211.68, 82);
INSERT INTO CHI_TIET_HOA_DON (ID_CTHD, ID_HD, ID_SP, SO_LUONG, DON_GIA, TONG_TIEN, ID_NV) VALUES (77, 1, 40, 36, 367099.65, 13215587.4, 5);
INSERT INTO CHI_TIET_HOA_DON (ID_CTHD, ID_HD, ID_SP, SO_LUONG, DON_GIA, TONG_TIEN, ID_NV) VALUES (78, 45, 32, 90, 326635.91, 29397231.9, 66);
INSERT INTO CHI_TIET_HOA_DON (ID_CTHD, ID_HD, ID_SP, SO_LUONG, DON_GIA, TONG_TIEN, ID_NV) VALUES (79, 76, 47, 78, 384941.44, 30025432.32, 19);
INSERT INTO CHI_TIET_HOA_DON (ID_CTHD, ID_HD, ID_SP, SO_LUONG, DON_GIA, TONG_TIEN, ID_NV) VALUES (80, 28, 50, 41, 79934.97, 3277333.77, 57);
INSERT INTO CHI_TIET_HOA_DON (ID_CTHD, ID_HD, ID_SP, SO_LUONG, DON_GIA, TONG_TIEN, ID_NV) VALUES (81, 96, 47, 38, 356215.47, 13536187.86, 40);
INSERT INTO CHI_TIET_HOA_DON (ID_CTHD, ID_HD, ID_SP, SO_LUONG, DON_GIA, TONG_TIEN, ID_NV) VALUES (82, 37, 14, 95, 273330.94, 25966439.3, 85);
INSERT INTO CHI_TIET_HOA_DON (ID_CTHD, ID_HD, ID_SP, SO_LUONG, DON_GIA, TONG_TIEN, ID_NV) VALUES (83, 73, 67, 75, 417698.79, 31327409.25, 8);
INSERT INTO CHI_TIET_HOA_DON (ID_CTHD, ID_HD, ID_SP, SO_LUONG, DON_GIA, TONG_TIEN, ID_NV) VALUES (84, 44, 35, 91, 242016.82, 22023530.62, 28);
INSERT INTO CHI_TIET_HOA_DON (ID_CTHD, ID_HD, ID_SP, SO_LUONG, DON_GIA, TONG_TIEN, ID_NV) VALUES (85, 80, 84, 100, 26662.49, 2666249.0, 91);
INSERT INTO CHI_TIET_HOA_DON (ID_CTHD, ID_HD, ID_SP, SO_LUONG, DON_GIA, TONG_TIEN, ID_NV) VALUES (86, 77, 8, 49, 331444.51, 16240780.99, 30);
INSERT INTO CHI_TIET_HOA_DON (ID_CTHD, ID_HD, ID_SP, SO_LUONG, DON_GIA, TONG_TIEN, ID_NV) VALUES (87, 61, 50, 80, 464962.57, 37197005.6, 38);
INSERT INTO CHI_TIET_HOA_DON (ID_CTHD, ID_HD, ID_SP, SO_LUONG, DON_GIA, TONG_TIEN, ID_NV) VALUES (88, 69, 97, 26, 283623.48, 7374210.48, 27);
INSERT INTO CHI_TIET_HOA_DON (ID_CTHD, ID_HD, ID_SP, SO_LUONG, DON_GIA, TONG_TIEN, ID_NV) VALUES (89, 42, 49, 23, 152155.97, 3499587.31, 22);
INSERT INTO CHI_TIET_HOA_DON (ID_CTHD, ID_HD, ID_SP, SO_LUONG, DON_GIA, TONG_TIEN, ID_NV) VALUES (90, 45, 61, 90, 172732.73, 15545945.7, 39);
INSERT INTO CHI_TIET_HOA_DON (ID_CTHD, ID_HD, ID_SP, SO_LUONG, DON_GIA, TONG_TIEN, ID_NV) VALUES (91, 68, 51, 89, 315890.46, 28114250.94, 67);
INSERT INTO CHI_TIET_HOA_DON (ID_CTHD, ID_HD, ID_SP, SO_LUONG, DON_GIA, TONG_TIEN, ID_NV) VALUES (92, 60, 76, 79, 297803.12, 23526446.48, 5);
INSERT INTO CHI_TIET_HOA_DON (ID_CTHD, ID_HD, ID_SP, SO_LUONG, DON_GIA, TONG_TIEN, ID_NV) VALUES (93, 72, 11, 87, 30749.56, 2675211.72, 66);
INSERT INTO CHI_TIET_HOA_DON (ID_CTHD, ID_HD, ID_SP, SO_LUONG, DON_GIA, TONG_TIEN, ID_NV) VALUES (94, 56, 19, 88, 304157.18, 26765831.84, 58);
INSERT INTO CHI_TIET_HOA_DON (ID_CTHD, ID_HD, ID_SP, SO_LUONG, DON_GIA, TONG_TIEN, ID_NV) VALUES (95, 91, 12, 29, 428895.84, 12437979.36, 4);
INSERT INTO CHI_TIET_HOA_DON (ID_CTHD, ID_HD, ID_SP, SO_LUONG, DON_GIA, TONG_TIEN, ID_NV) VALUES (96, 60, 24, 90, 199739.34, 17976540.6, 56);
INSERT INTO CHI_TIET_HOA_DON (ID_CTHD, ID_HD, ID_SP, SO_LUONG, DON_GIA, TONG_TIEN, ID_NV) VALUES (97, 14, 2, 30, 363180.55, 10895416.5, 59);
INSERT INTO CHI_TIET_HOA_DON (ID_CTHD, ID_HD, ID_SP, SO_LUONG, DON_GIA, TONG_TIEN, ID_NV) VALUES (98, 33, 88, 53, 178056.3, 9436983.9, 86);
INSERT INTO CHI_TIET_HOA_DON (ID_CTHD, ID_HD, ID_SP, SO_LUONG, DON_GIA, TONG_TIEN, ID_NV) VALUES (99, 40, 14, 24, 116853.39, 2804481.36, 65);
INSERT INTO CHI_TIET_HOA_DON (ID_CTHD, ID_HD, ID_SP, SO_LUONG, DON_GIA, TONG_TIEN, ID_NV) VALUES (100, 44, 75, 50, 148848.15, 7442407.5, 41);

